"feature_ID"	"Kingdom"	"Phylum"	"Class"	"Order"	"Family"	"Genus"	"Species"
"42c86"	"42c86"	"NA"	"NA"	"NA"	"NA"	"NA"	"NA"
"99976"	"99976"	"NA"	"NA"	"NA"	"NA"	"NA"	"NA"
"a263e"	"a263e"	"NA"	"NA"	"NA"	"NA"	"NA"	"NA"
"118d3"	"118d3"	"NA"	"NA"	"NA"	"NA"	"NA"	"NA"
"d5436"	"d5436"	"NA"	"NA"	"NA"	"NA"	"NA"	"NA"
"cd457"	"cd457"	"NA"	"NA"	"NA"	"NA"	"NA"	"NA"
"aefe4"	"aefe4"	"NA"	"NA"	"NA"	"NA"	"NA"	"NA"
"6d9f4"	"6d9f4"	"NA"	"NA"	"NA"	"NA"	"NA"	"NA"
"2a2e5"	"2a2e5"	"NA"	"NA"	"NA"	"NA"	"NA"	"NA"
"249be"	"249be"	"NA"	"NA"	"NA"	"NA"	"NA"	"NA"
"684c3"	"684c3"	"NA"	"NA"	"NA"	"NA"	"NA"	"NA"
"9618c"	"9618c"	"NA"	"NA"	"NA"	"NA"	"NA"	"NA"
"3f945"	"3f945"	"NA"	"NA"	"NA"	"NA"	"NA"	"NA"
"b604a"	"b604a"	"NA"	"NA"	"NA"	"NA"	"NA"	"NA"
"481fa"	"481fa"	"NA"	"NA"	"NA"	"NA"	"NA"	"NA"
"b2132"	"b2132"	"NA"	"NA"	"NA"	"NA"	"NA"	"NA"
"ebd16"	"ebd16"	"NA"	"NA"	"NA"	"NA"	"NA"	"NA"
"80202"	"80202"	"NA"	"NA"	"NA"	"NA"	"NA"	"NA"
"b9cb1"	"b9cb1"	"NA"	"NA"	"NA"	"NA"	"NA"	"NA"
"04e05"	"04e05"	"NA"	"NA"	"NA"	"NA"	"NA"	"NA"
"abfc9"	"abfc9"	"NA"	"NA"	"NA"	"NA"	"NA"	"NA"
"2a112"	"2a112"	"NA"	"NA"	"NA"	"NA"	"NA"	"NA"
"7a29c"	"7a29c"	"NA"	"NA"	"NA"	"NA"	"NA"	"NA"
"793c4"	"793c4"	"NA"	"NA"	"NA"	"NA"	"NA"	"NA"
"db5f2"	"db5f2"	"NA"	"NA"	"NA"	"NA"	"NA"	"NA"
"1ef1f"	"1ef1f"	"NA"	"NA"	"NA"	"NA"	"NA"	"NA"
"d1b7f"	"d1b7f"	"NA"	"NA"	"NA"	"NA"	"NA"	"NA"
"02766"	"02766"	"NA"	"NA"	"NA"	"NA"	"NA"	"NA"
"54c81"	"54c81"	"NA"	"NA"	"NA"	"NA"	"NA"	"NA"
"2a853"	"2a853"	"NA"	"NA"	"NA"	"NA"	"NA"	"NA"
"e2aff"	"e2aff"	"NA"	"NA"	"NA"	"NA"	"NA"	"NA"
"1be76"	"1be76"	"NA"	"NA"	"NA"	"NA"	"NA"	"NA"
"0a011"	"0a011"	"NA"	"NA"	"NA"	"NA"	"NA"	"NA"
"e3fd1"	"e3fd1"	"NA"	"NA"	"NA"	"NA"	"NA"	"NA"
"fb7a7"	"fb7a7"	"NA"	"NA"	"NA"	"NA"	"NA"	"NA"
"3292d"	"3292d"	"NA"	"NA"	"NA"	"NA"	"NA"	"NA"
"aadc9"	"aadc9"	"NA"	"NA"	"NA"	"NA"	"NA"	"NA"
"65e53"	"65e53"	"NA"	"NA"	"NA"	"NA"	"NA"	"NA"
"7164a"	"7164a"	"NA"	"NA"	"NA"	"NA"	"NA"	"NA"
"96bcd"	"96bcd"	"NA"	"NA"	"NA"	"NA"	"NA"	"NA"
"84be2"	"84be2"	"NA"	"NA"	"NA"	"NA"	"NA"	"NA"
"09c1e"	"09c1e"	"NA"	"NA"	"NA"	"NA"	"NA"	"NA"
"b4e69"	"b4e69"	"NA"	"NA"	"NA"	"NA"	"NA"	"NA"
"a4a18"	"a4a18"	"NA"	"NA"	"NA"	"NA"	"NA"	"NA"
"afaae"	"afaae"	"NA"	"NA"	"NA"	"NA"	"NA"	"NA"
"d9886"	"d9886"	"NA"	"NA"	"NA"	"NA"	"NA"	"NA"
"8634a"	"8634a"	"NA"	"NA"	"NA"	"NA"	"NA"	"NA"
"eee9c"	"eee9c"	"NA"	"NA"	"NA"	"NA"	"NA"	"NA"
"4cb24"	"4cb24"	"NA"	"NA"	"NA"	"NA"	"NA"	"NA"
"1f87c"	"1f87c"	"NA"	"NA"	"NA"	"NA"	"NA"	"NA"
"1d98a"	"1d98a"	"NA"	"NA"	"NA"	"NA"	"NA"	"NA"
"94adb"	"94adb"	"NA"	"NA"	"NA"	"NA"	"NA"	"NA"
"f481b"	"f481b"	"NA"	"NA"	"NA"	"NA"	"NA"	"NA"
"25463"	"25463"	"NA"	"NA"	"NA"	"NA"	"NA"	"NA"
"2dfdf"	"2dfdf"	"NA"	"NA"	"NA"	"NA"	"NA"	"NA"
"5b9cb"	"5b9cb"	"NA"	"NA"	"NA"	"NA"	"NA"	"NA"
"45b4f"	"45b4f"	"NA"	"NA"	"NA"	"NA"	"NA"	"NA"
"cfa64"	"cfa64"	"NA"	"NA"	"NA"	"NA"	"NA"	"NA"
"97307"	"97307"	"NA"	"NA"	"NA"	"NA"	"NA"	"NA"
"be50d"	"be50d"	"NA"	"NA"	"NA"	"NA"	"NA"	"NA"
"75a73"	"75a73"	"NA"	"NA"	"NA"	"NA"	"NA"	"NA"
"f5c81"	"f5c81"	"NA"	"NA"	"NA"	"NA"	"NA"	"NA"
"fce86"	"fce86"	"NA"	"NA"	"NA"	"NA"	"NA"	"NA"
"80658"	"80658"	"NA"	"NA"	"NA"	"NA"	"NA"	"NA"
"40837"	"40837"	"NA"	"NA"	"NA"	"NA"	"NA"	"NA"
"7dba2"	"7dba2"	"NA"	"NA"	"NA"	"NA"	"NA"	"NA"
"5ed29"	"5ed29"	"NA"	"NA"	"NA"	"NA"	"NA"	"NA"
"c7e61"	"c7e61"	"NA"	"NA"	"NA"	"NA"	"NA"	"NA"
"98303"	"98303"	"NA"	"NA"	"NA"	"NA"	"NA"	"NA"
"3fccc"	"3fccc"	"NA"	"NA"	"NA"	"NA"	"NA"	"NA"
"374a8"	"374a8"	"NA"	"NA"	"NA"	"NA"	"NA"	"NA"
"ddd69"	"ddd69"	"NA"	"NA"	"NA"	"NA"	"NA"	"NA"
"33db5"	"33db5"	"NA"	"NA"	"NA"	"NA"	"NA"	"NA"
"58b07"	"58b07"	"NA"	"NA"	"NA"	"NA"	"NA"	"NA"
"ca484"	"ca484"	"NA"	"NA"	"NA"	"NA"	"NA"	"NA"
"e5746"	"e5746"	"NA"	"NA"	"NA"	"NA"	"NA"	"NA"
"974a1"	"974a1"	"NA"	"NA"	"NA"	"NA"	"NA"	"NA"
"a36db"	"a36db"	"NA"	"NA"	"NA"	"NA"	"NA"	"NA"
"baf1f"	"baf1f"	"NA"	"NA"	"NA"	"NA"	"NA"	"NA"
"f18ab"	"f18ab"	"NA"	"NA"	"NA"	"NA"	"NA"	"NA"
"613d3"	"613d3"	"NA"	"NA"	"NA"	"NA"	"NA"	"NA"
"3b0ae"	"3b0ae"	"NA"	"NA"	"NA"	"NA"	"NA"	"NA"
"f5fd2"	"f5fd2"	"NA"	"NA"	"NA"	"NA"	"NA"	"NA"
"91a1b"	"91a1b"	"NA"	"NA"	"NA"	"NA"	"NA"	"NA"
"611ad"	"611ad"	"NA"	"NA"	"NA"	"NA"	"NA"	"NA"
"36ede"	"36ede"	"NA"	"NA"	"NA"	"NA"	"NA"	"NA"
"aee85"	"aee85"	"NA"	"NA"	"NA"	"NA"	"NA"	"NA"
"f326c"	"f326c"	"NA"	"NA"	"NA"	"NA"	"NA"	"NA"
"2f9ce"	"2f9ce"	"NA"	"NA"	"NA"	"NA"	"NA"	"NA"
"ea421"	"ea421"	"NA"	"NA"	"NA"	"NA"	"NA"	"NA"
"78dfd"	"78dfd"	"NA"	"NA"	"NA"	"NA"	"NA"	"NA"
"2fc37"	"2fc37"	"NA"	"NA"	"NA"	"NA"	"NA"	"NA"
"b64b8"	"b64b8"	"NA"	"NA"	"NA"	"NA"	"NA"	"NA"
"e78a6"	"e78a6"	"NA"	"NA"	"NA"	"NA"	"NA"	"NA"
"87f0d"	"87f0d"	"NA"	"NA"	"NA"	"NA"	"NA"	"NA"
"e7d59"	"e7d59"	"NA"	"NA"	"NA"	"NA"	"NA"	"NA"
"05135"	"05135"	"NA"	"NA"	"NA"	"NA"	"NA"	"NA"
"cbffb"	"cbffb"	"NA"	"NA"	"NA"	"NA"	"NA"	"NA"
"ab7d8"	"ab7d8"	"NA"	"NA"	"NA"	"NA"	"NA"	"NA"
"4d2fe"	"4d2fe"	"NA"	"NA"	"NA"	"NA"	"NA"	"NA"
"c22df"	"c22df"	"NA"	"NA"	"NA"	"NA"	"NA"	"NA"
"4b12c"	"4b12c"	"NA"	"NA"	"NA"	"NA"	"NA"	"NA"
"a6215"	"a6215"	"NA"	"NA"	"NA"	"NA"	"NA"	"NA"
"5458e"	"5458e"	"NA"	"NA"	"NA"	"NA"	"NA"	"NA"
"8f04c"	"8f04c"	"NA"	"NA"	"NA"	"NA"	"NA"	"NA"
"49fe1"	"49fe1"	"NA"	"NA"	"NA"	"NA"	"NA"	"NA"
"12630"	"12630"	"NA"	"NA"	"NA"	"NA"	"NA"	"NA"
"1d34a"	"1d34a"	"NA"	"NA"	"NA"	"NA"	"NA"	"NA"
"f26c4"	"f26c4"	"NA"	"NA"	"NA"	"NA"	"NA"	"NA"
"97682"	"97682"	"NA"	"NA"	"NA"	"NA"	"NA"	"NA"
"16a83"	"16a83"	"NA"	"NA"	"NA"	"NA"	"NA"	"NA"
"73580"	"73580"	"NA"	"NA"	"NA"	"NA"	"NA"	"NA"
"135eb"	"135eb"	"NA"	"NA"	"NA"	"NA"	"NA"	"NA"
"edc62"	"edc62"	"NA"	"NA"	"NA"	"NA"	"NA"	"NA"
"00c8b"	"00c8b"	"NA"	"NA"	"NA"	"NA"	"NA"	"NA"
"4ac72"	"4ac72"	"NA"	"NA"	"NA"	"NA"	"NA"	"NA"
"6a48d"	"6a48d"	"NA"	"NA"	"NA"	"NA"	"NA"	"NA"
"e32eb"	"e32eb"	"NA"	"NA"	"NA"	"NA"	"NA"	"NA"
"6a6f2"	"6a6f2"	"NA"	"NA"	"NA"	"NA"	"NA"	"NA"
"af2c5"	"af2c5"	"NA"	"NA"	"NA"	"NA"	"NA"	"NA"
"6f807"	"6f807"	"NA"	"NA"	"NA"	"NA"	"NA"	"NA"
"2ecff"	"2ecff"	"NA"	"NA"	"NA"	"NA"	"NA"	"NA"
"9041f"	"9041f"	"NA"	"NA"	"NA"	"NA"	"NA"	"NA"
"2c778"	"2c778"	"NA"	"NA"	"NA"	"NA"	"NA"	"NA"
"a42cd"	"a42cd"	"NA"	"NA"	"NA"	"NA"	"NA"	"NA"
"cd7d2"	"cd7d2"	"NA"	"NA"	"NA"	"NA"	"NA"	"NA"
"68cc5"	"68cc5"	"NA"	"NA"	"NA"	"NA"	"NA"	"NA"
"b7a02"	"b7a02"	"NA"	"NA"	"NA"	"NA"	"NA"	"NA"
"adf84"	"adf84"	"NA"	"NA"	"NA"	"NA"	"NA"	"NA"
"fd5a6"	"fd5a6"	"NA"	"NA"	"NA"	"NA"	"NA"	"NA"
"d6d02"	"d6d02"	"NA"	"NA"	"NA"	"NA"	"NA"	"NA"
"afd91"	"afd91"	"NA"	"NA"	"NA"	"NA"	"NA"	"NA"
"47125"	"47125"	"NA"	"NA"	"NA"	"NA"	"NA"	"NA"
"386b8"	"386b8"	"NA"	"NA"	"NA"	"NA"	"NA"	"NA"
"4bcab"	"4bcab"	"NA"	"NA"	"NA"	"NA"	"NA"	"NA"
"7e610"	"7e610"	"NA"	"NA"	"NA"	"NA"	"NA"	"NA"
"ddf27"	"ddf27"	"NA"	"NA"	"NA"	"NA"	"NA"	"NA"
"c1d69"	"c1d69"	"NA"	"NA"	"NA"	"NA"	"NA"	"NA"
"41acc"	"41acc"	"NA"	"NA"	"NA"	"NA"	"NA"	"NA"
"b338c"	"b338c"	"NA"	"NA"	"NA"	"NA"	"NA"	"NA"
"7f7d4"	"7f7d4"	"NA"	"NA"	"NA"	"NA"	"NA"	"NA"
"ec70b"	"ec70b"	"NA"	"NA"	"NA"	"NA"	"NA"	"NA"
"b30fb"	"b30fb"	"NA"	"NA"	"NA"	"NA"	"NA"	"NA"
"37ca0"	"37ca0"	"NA"	"NA"	"NA"	"NA"	"NA"	"NA"
"eec4c"	"eec4c"	"NA"	"NA"	"NA"	"NA"	"NA"	"NA"
"dd66c"	"dd66c"	"NA"	"NA"	"NA"	"NA"	"NA"	"NA"
"72335"	"72335"	"NA"	"NA"	"NA"	"NA"	"NA"	"NA"
"83bd3"	"83bd3"	"NA"	"NA"	"NA"	"NA"	"NA"	"NA"
"33fa9"	"33fa9"	"NA"	"NA"	"NA"	"NA"	"NA"	"NA"
"98fa8"	"98fa8"	"NA"	"NA"	"NA"	"NA"	"NA"	"NA"
"b9559"	"b9559"	"NA"	"NA"	"NA"	"NA"	"NA"	"NA"
"46a09"	"46a09"	"NA"	"NA"	"NA"	"NA"	"NA"	"NA"
"f4bb3"	"f4bb3"	"NA"	"NA"	"NA"	"NA"	"NA"	"NA"
"9f25f"	"9f25f"	"NA"	"NA"	"NA"	"NA"	"NA"	"NA"
"6c05b"	"6c05b"	"NA"	"NA"	"NA"	"NA"	"NA"	"NA"
"ba420"	"ba420"	"NA"	"NA"	"NA"	"NA"	"NA"	"NA"
"4ba84"	"4ba84"	"NA"	"NA"	"NA"	"NA"	"NA"	"NA"
"1de1b"	"1de1b"	"NA"	"NA"	"NA"	"NA"	"NA"	"NA"
"8e7a8"	"8e7a8"	"NA"	"NA"	"NA"	"NA"	"NA"	"NA"
"58d33"	"58d33"	"NA"	"NA"	"NA"	"NA"	"NA"	"NA"
"6ed1a"	"6ed1a"	"NA"	"NA"	"NA"	"NA"	"NA"	"NA"
"79752"	"79752"	"NA"	"NA"	"NA"	"NA"	"NA"	"NA"
"c70f9"	"c70f9"	"NA"	"NA"	"NA"	"NA"	"NA"	"NA"
"cda78"	"cda78"	"NA"	"NA"	"NA"	"NA"	"NA"	"NA"
"c79cb"	"c79cb"	"NA"	"NA"	"NA"	"NA"	"NA"	"NA"
"1bc9e"	"1bc9e"	"NA"	"NA"	"NA"	"NA"	"NA"	"NA"
"4e084"	"4e084"	"NA"	"NA"	"NA"	"NA"	"NA"	"NA"
"a1900"	"a1900"	"NA"	"NA"	"NA"	"NA"	"NA"	"NA"
"3eeb6"	"3eeb6"	"NA"	"NA"	"NA"	"NA"	"NA"	"NA"
"20019"	"20019"	"NA"	"NA"	"NA"	"NA"	"NA"	"NA"
"eaf2e"	"eaf2e"	"NA"	"NA"	"NA"	"NA"	"NA"	"NA"
"8b869"	"8b869"	"NA"	"NA"	"NA"	"NA"	"NA"	"NA"
"ec8c6"	"ec8c6"	"NA"	"NA"	"NA"	"NA"	"NA"	"NA"
"f8010"	"f8010"	"NA"	"NA"	"NA"	"NA"	"NA"	"NA"
"149c1"	"149c1"	"NA"	"NA"	"NA"	"NA"	"NA"	"NA"
"680ff"	"680ff"	"NA"	"NA"	"NA"	"NA"	"NA"	"NA"
"13062"	"13062"	"NA"	"NA"	"NA"	"NA"	"NA"	"NA"
"8d03d"	"8d03d"	"NA"	"NA"	"NA"	"NA"	"NA"	"NA"
"a4b58"	"a4b58"	"NA"	"NA"	"NA"	"NA"	"NA"	"NA"
"71cd6"	"71cd6"	"NA"	"NA"	"NA"	"NA"	"NA"	"NA"
"8f757"	"8f757"	"NA"	"NA"	"NA"	"NA"	"NA"	"NA"
"776fc"	"776fc"	"NA"	"NA"	"NA"	"NA"	"NA"	"NA"
"582bc"	"582bc"	"NA"	"NA"	"NA"	"NA"	"NA"	"NA"
"be063"	"be063"	"NA"	"NA"	"NA"	"NA"	"NA"	"NA"
"f488b"	"f488b"	"NA"	"NA"	"NA"	"NA"	"NA"	"NA"
"dbd65"	"dbd65"	"NA"	"NA"	"NA"	"NA"	"NA"	"NA"
"4510b"	"4510b"	"NA"	"NA"	"NA"	"NA"	"NA"	"NA"
"d239d"	"d239d"	"NA"	"NA"	"NA"	"NA"	"NA"	"NA"
"08322"	"08322"	"NA"	"NA"	"NA"	"NA"	"NA"	"NA"
"3f2a2"	"3f2a2"	"NA"	"NA"	"NA"	"NA"	"NA"	"NA"
"9c319"	"9c319"	"NA"	"NA"	"NA"	"NA"	"NA"	"NA"
"252c1"	"252c1"	"NA"	"NA"	"NA"	"NA"	"NA"	"NA"
"36a51"	"36a51"	"NA"	"NA"	"NA"	"NA"	"NA"	"NA"
"2306b"	"2306b"	"NA"	"NA"	"NA"	"NA"	"NA"	"NA"
"8ad93"	"8ad93"	"NA"	"NA"	"NA"	"NA"	"NA"	"NA"
"0ea9b"	"0ea9b"	"NA"	"NA"	"NA"	"NA"	"NA"	"NA"
"11dd3"	"11dd3"	"NA"	"NA"	"NA"	"NA"	"NA"	"NA"
"192fb"	"192fb"	"NA"	"NA"	"NA"	"NA"	"NA"	"NA"
"7b313"	"7b313"	"NA"	"NA"	"NA"	"NA"	"NA"	"NA"
"212da"	"212da"	"NA"	"NA"	"NA"	"NA"	"NA"	"NA"
"4bfd1"	"4bfd1"	"NA"	"NA"	"NA"	"NA"	"NA"	"NA"
"58536"	"58536"	"NA"	"NA"	"NA"	"NA"	"NA"	"NA"
"aa0d1"	"aa0d1"	"NA"	"NA"	"NA"	"NA"	"NA"	"NA"
"af402"	"af402"	"NA"	"NA"	"NA"	"NA"	"NA"	"NA"
"b4a30"	"b4a30"	"NA"	"NA"	"NA"	"NA"	"NA"	"NA"
"4e2de"	"4e2de"	"NA"	"NA"	"NA"	"NA"	"NA"	"NA"
"be04b"	"be04b"	"NA"	"NA"	"NA"	"NA"	"NA"	"NA"
"a3c10"	"a3c10"	"NA"	"NA"	"NA"	"NA"	"NA"	"NA"
"9415b"	"9415b"	"NA"	"NA"	"NA"	"NA"	"NA"	"NA"
"35f37"	"35f37"	"NA"	"NA"	"NA"	"NA"	"NA"	"NA"
"267a3"	"267a3"	"NA"	"NA"	"NA"	"NA"	"NA"	"NA"
"1c4ac"	"1c4ac"	"NA"	"NA"	"NA"	"NA"	"NA"	"NA"
"a6255"	"a6255"	"NA"	"NA"	"NA"	"NA"	"NA"	"NA"
"7f0d5"	"7f0d5"	"NA"	"NA"	"NA"	"NA"	"NA"	"NA"
"3dc25"	"3dc25"	"NA"	"NA"	"NA"	"NA"	"NA"	"NA"
"3176f"	"3176f"	"NA"	"NA"	"NA"	"NA"	"NA"	"NA"
"c2e94"	"c2e94"	"NA"	"NA"	"NA"	"NA"	"NA"	"NA"
"b0f0e"	"b0f0e"	"NA"	"NA"	"NA"	"NA"	"NA"	"NA"
"423ba"	"423ba"	"NA"	"NA"	"NA"	"NA"	"NA"	"NA"
"7aa7b"	"7aa7b"	"NA"	"NA"	"NA"	"NA"	"NA"	"NA"
"5fb2d"	"5fb2d"	"NA"	"NA"	"NA"	"NA"	"NA"	"NA"
"a9461"	"a9461"	"NA"	"NA"	"NA"	"NA"	"NA"	"NA"
"22e89"	"22e89"	"NA"	"NA"	"NA"	"NA"	"NA"	"NA"
"f34f5"	"f34f5"	"NA"	"NA"	"NA"	"NA"	"NA"	"NA"
"985ba"	"985ba"	"NA"	"NA"	"NA"	"NA"	"NA"	"NA"
"6018a"	"6018a"	"NA"	"NA"	"NA"	"NA"	"NA"	"NA"
"b5f40"	"b5f40"	"NA"	"NA"	"NA"	"NA"	"NA"	"NA"
"9f859"	"9f859"	"NA"	"NA"	"NA"	"NA"	"NA"	"NA"
"93ca2"	"93ca2"	"NA"	"NA"	"NA"	"NA"	"NA"	"NA"
"15412"	"15412"	"NA"	"NA"	"NA"	"NA"	"NA"	"NA"
"4ce3f"	"4ce3f"	"NA"	"NA"	"NA"	"NA"	"NA"	"NA"
"ad1e2"	"ad1e2"	"NA"	"NA"	"NA"	"NA"	"NA"	"NA"
"a1876"	"a1876"	"NA"	"NA"	"NA"	"NA"	"NA"	"NA"
"29f38"	"29f38"	"NA"	"NA"	"NA"	"NA"	"NA"	"NA"
"d4ad5"	"d4ad5"	"NA"	"NA"	"NA"	"NA"	"NA"	"NA"
"79729"	"79729"	"NA"	"NA"	"NA"	"NA"	"NA"	"NA"
"1f1fc"	"1f1fc"	"NA"	"NA"	"NA"	"NA"	"NA"	"NA"
"4ce13"	"4ce13"	"NA"	"NA"	"NA"	"NA"	"NA"	"NA"
"ef79e"	"ef79e"	"NA"	"NA"	"NA"	"NA"	"NA"	"NA"
"71645"	"71645"	"NA"	"NA"	"NA"	"NA"	"NA"	"NA"
"f5d0c"	"f5d0c"	"NA"	"NA"	"NA"	"NA"	"NA"	"NA"
"49301"	"49301"	"NA"	"NA"	"NA"	"NA"	"NA"	"NA"
"750d9"	"750d9"	"NA"	"NA"	"NA"	"NA"	"NA"	"NA"
"76f7d"	"76f7d"	"NA"	"NA"	"NA"	"NA"	"NA"	"NA"
"e3469"	"e3469"	"NA"	"NA"	"NA"	"NA"	"NA"	"NA"
"ac939"	"ac939"	"NA"	"NA"	"NA"	"NA"	"NA"	"NA"
"78ebe"	"78ebe"	"NA"	"NA"	"NA"	"NA"	"NA"	"NA"
"c844f"	"c844f"	"NA"	"NA"	"NA"	"NA"	"NA"	"NA"
"58fc3"	"58fc3"	"NA"	"NA"	"NA"	"NA"	"NA"	"NA"
"2da71"	"2da71"	"NA"	"NA"	"NA"	"NA"	"NA"	"NA"
"86ddf"	"86ddf"	"NA"	"NA"	"NA"	"NA"	"NA"	"NA"
"f8e89"	"f8e89"	"NA"	"NA"	"NA"	"NA"	"NA"	"NA"
"778b9"	"778b9"	"NA"	"NA"	"NA"	"NA"	"NA"	"NA"
"78883"	"78883"	"NA"	"NA"	"NA"	"NA"	"NA"	"NA"
"81ebe"	"81ebe"	"NA"	"NA"	"NA"	"NA"	"NA"	"NA"
"c0dad"	"c0dad"	"NA"	"NA"	"NA"	"NA"	"NA"	"NA"
"9de37"	"9de37"	"NA"	"NA"	"NA"	"NA"	"NA"	"NA"
"e4e04"	"e4e04"	"NA"	"NA"	"NA"	"NA"	"NA"	"NA"
"dae68"	"dae68"	"NA"	"NA"	"NA"	"NA"	"NA"	"NA"
"e130e"	"e130e"	"NA"	"NA"	"NA"	"NA"	"NA"	"NA"
"b9b18"	"b9b18"	"NA"	"NA"	"NA"	"NA"	"NA"	"NA"
"1165a"	"1165a"	"NA"	"NA"	"NA"	"NA"	"NA"	"NA"
"d92ee"	"d92ee"	"NA"	"NA"	"NA"	"NA"	"NA"	"NA"
"2fc22"	"2fc22"	"NA"	"NA"	"NA"	"NA"	"NA"	"NA"
"72795"	"72795"	"NA"	"NA"	"NA"	"NA"	"NA"	"NA"
"d0476"	"d0476"	"NA"	"NA"	"NA"	"NA"	"NA"	"NA"
"9c6e4"	"9c6e4"	"NA"	"NA"	"NA"	"NA"	"NA"	"NA"
"7c2b6"	"7c2b6"	"NA"	"NA"	"NA"	"NA"	"NA"	"NA"
"c96cf"	"c96cf"	"NA"	"NA"	"NA"	"NA"	"NA"	"NA"
"fc9bb"	"fc9bb"	"NA"	"NA"	"NA"	"NA"	"NA"	"NA"
"64fce"	"64fce"	"NA"	"NA"	"NA"	"NA"	"NA"	"NA"
"c7747"	"c7747"	"NA"	"NA"	"NA"	"NA"	"NA"	"NA"
"de737"	"de737"	"NA"	"NA"	"NA"	"NA"	"NA"	"NA"
"cb02e"	"cb02e"	"NA"	"NA"	"NA"	"NA"	"NA"	"NA"
"b9d3b"	"b9d3b"	"NA"	"NA"	"NA"	"NA"	"NA"	"NA"
"5fa42"	"5fa42"	"NA"	"NA"	"NA"	"NA"	"NA"	"NA"
"302bc"	"302bc"	"NA"	"NA"	"NA"	"NA"	"NA"	"NA"
"fce1d"	"fce1d"	"NA"	"NA"	"NA"	"NA"	"NA"	"NA"
"2ecc2"	"2ecc2"	"NA"	"NA"	"NA"	"NA"	"NA"	"NA"
"e5fca"	"e5fca"	"NA"	"NA"	"NA"	"NA"	"NA"	"NA"
"ae7f8"	"ae7f8"	"NA"	"NA"	"NA"	"NA"	"NA"	"NA"
"16182"	"16182"	"NA"	"NA"	"NA"	"NA"	"NA"	"NA"
"084cf"	"084cf"	"NA"	"NA"	"NA"	"NA"	"NA"	"NA"
"78bc1"	"78bc1"	"NA"	"NA"	"NA"	"NA"	"NA"	"NA"
"a307a"	"a307a"	"NA"	"NA"	"NA"	"NA"	"NA"	"NA"
"8aad2"	"8aad2"	"NA"	"NA"	"NA"	"NA"	"NA"	"NA"
"aa3eb"	"aa3eb"	"NA"	"NA"	"NA"	"NA"	"NA"	"NA"
"9af1c"	"9af1c"	"NA"	"NA"	"NA"	"NA"	"NA"	"NA"
"df0ed"	"df0ed"	"NA"	"NA"	"NA"	"NA"	"NA"	"NA"
"801ac"	"801ac"	"NA"	"NA"	"NA"	"NA"	"NA"	"NA"
"db926"	"db926"	"NA"	"NA"	"NA"	"NA"	"NA"	"NA"
"a0ba1"	"a0ba1"	"NA"	"NA"	"NA"	"NA"	"NA"	"NA"
"0c1f7"	"0c1f7"	"NA"	"NA"	"NA"	"NA"	"NA"	"NA"
"e5764"	"e5764"	"NA"	"NA"	"NA"	"NA"	"NA"	"NA"
"f4ba7"	"f4ba7"	"NA"	"NA"	"NA"	"NA"	"NA"	"NA"
"e9613"	"e9613"	"NA"	"NA"	"NA"	"NA"	"NA"	"NA"
"54689"	"54689"	"NA"	"NA"	"NA"	"NA"	"NA"	"NA"
"779a0"	"779a0"	"NA"	"NA"	"NA"	"NA"	"NA"	"NA"
"491fc"	"491fc"	"NA"	"NA"	"NA"	"NA"	"NA"	"NA"
"e09ba"	"e09ba"	"NA"	"NA"	"NA"	"NA"	"NA"	"NA"
"96e51"	"96e51"	"NA"	"NA"	"NA"	"NA"	"NA"	"NA"
"78fbb"	"78fbb"	"NA"	"NA"	"NA"	"NA"	"NA"	"NA"
"86e74"	"86e74"	"NA"	"NA"	"NA"	"NA"	"NA"	"NA"
"037f9"	"037f9"	"NA"	"NA"	"NA"	"NA"	"NA"	"NA"
"2f8e4"	"2f8e4"	"NA"	"NA"	"NA"	"NA"	"NA"	"NA"
"f3864"	"f3864"	"NA"	"NA"	"NA"	"NA"	"NA"	"NA"
"94583"	"94583"	"NA"	"NA"	"NA"	"NA"	"NA"	"NA"
"fcf4c"	"fcf4c"	"NA"	"NA"	"NA"	"NA"	"NA"	"NA"
"dbbad"	"dbbad"	"NA"	"NA"	"NA"	"NA"	"NA"	"NA"
"f64e5"	"f64e5"	"NA"	"NA"	"NA"	"NA"	"NA"	"NA"
"716fa"	"716fa"	"NA"	"NA"	"NA"	"NA"	"NA"	"NA"
"326c3"	"326c3"	"NA"	"NA"	"NA"	"NA"	"NA"	"NA"
"cbef0"	"cbef0"	"NA"	"NA"	"NA"	"NA"	"NA"	"NA"
"fd087"	"fd087"	"NA"	"NA"	"NA"	"NA"	"NA"	"NA"
"ec5e7"	"ec5e7"	"NA"	"NA"	"NA"	"NA"	"NA"	"NA"
"d10e9"	"d10e9"	"NA"	"NA"	"NA"	"NA"	"NA"	"NA"
"88adc"	"88adc"	"NA"	"NA"	"NA"	"NA"	"NA"	"NA"
"915b7"	"915b7"	"NA"	"NA"	"NA"	"NA"	"NA"	"NA"
"54a5e"	"54a5e"	"NA"	"NA"	"NA"	"NA"	"NA"	"NA"
"26c85"	"26c85"	"NA"	"NA"	"NA"	"NA"	"NA"	"NA"
"83123"	"83123"	"NA"	"NA"	"NA"	"NA"	"NA"	"NA"
"79e74"	"79e74"	"NA"	"NA"	"NA"	"NA"	"NA"	"NA"
"21228"	"21228"	"NA"	"NA"	"NA"	"NA"	"NA"	"NA"
"c9735"	"c9735"	"NA"	"NA"	"NA"	"NA"	"NA"	"NA"
"28a55"	"28a55"	"NA"	"NA"	"NA"	"NA"	"NA"	"NA"
"018e5"	"018e5"	"NA"	"NA"	"NA"	"NA"	"NA"	"NA"
"9ebde"	"9ebde"	"NA"	"NA"	"NA"	"NA"	"NA"	"NA"
"d85da"	"d85da"	"NA"	"NA"	"NA"	"NA"	"NA"	"NA"
"82397"	"82397"	"NA"	"NA"	"NA"	"NA"	"NA"	"NA"
"25843"	"25843"	"NA"	"NA"	"NA"	"NA"	"NA"	"NA"
"51606"	"51606"	"NA"	"NA"	"NA"	"NA"	"NA"	"NA"
"14d80"	"14d80"	"NA"	"NA"	"NA"	"NA"	"NA"	"NA"
"1d3c1"	"1d3c1"	"NA"	"NA"	"NA"	"NA"	"NA"	"NA"
"caaf0"	"caaf0"	"NA"	"NA"	"NA"	"NA"	"NA"	"NA"
"0e6d1"	"0e6d1"	"NA"	"NA"	"NA"	"NA"	"NA"	"NA"
"e70c2"	"e70c2"	"NA"	"NA"	"NA"	"NA"	"NA"	"NA"
"3e38d"	"3e38d"	"NA"	"NA"	"NA"	"NA"	"NA"	"NA"
"dfede"	"dfede"	"NA"	"NA"	"NA"	"NA"	"NA"	"NA"
"81884"	"81884"	"NA"	"NA"	"NA"	"NA"	"NA"	"NA"
"eac49"	"eac49"	"NA"	"NA"	"NA"	"NA"	"NA"	"NA"
"a07b7"	"a07b7"	"NA"	"NA"	"NA"	"NA"	"NA"	"NA"
"28641"	"28641"	"NA"	"NA"	"NA"	"NA"	"NA"	"NA"
"266ef"	"266ef"	"NA"	"NA"	"NA"	"NA"	"NA"	"NA"
"611de"	"611de"	"NA"	"NA"	"NA"	"NA"	"NA"	"NA"
"0d875"	"0d875"	"NA"	"NA"	"NA"	"NA"	"NA"	"NA"
"1a1d7"	"1a1d7"	"NA"	"NA"	"NA"	"NA"	"NA"	"NA"
"3bece"	"3bece"	"NA"	"NA"	"NA"	"NA"	"NA"	"NA"
"6f8b6"	"6f8b6"	"NA"	"NA"	"NA"	"NA"	"NA"	"NA"
"620d2"	"620d2"	"NA"	"NA"	"NA"	"NA"	"NA"	"NA"
"97b96"	"97b96"	"NA"	"NA"	"NA"	"NA"	"NA"	"NA"
"65432"	"65432"	"NA"	"NA"	"NA"	"NA"	"NA"	"NA"
"03167"	"03167"	"NA"	"NA"	"NA"	"NA"	"NA"	"NA"
"9743a"	"9743a"	"NA"	"NA"	"NA"	"NA"	"NA"	"NA"
"e0ae4"	"e0ae4"	"NA"	"NA"	"NA"	"NA"	"NA"	"NA"
"c1404"	"c1404"	"NA"	"NA"	"NA"	"NA"	"NA"	"NA"
"f467c"	"f467c"	"NA"	"NA"	"NA"	"NA"	"NA"	"NA"
"cca7e"	"cca7e"	"NA"	"NA"	"NA"	"NA"	"NA"	"NA"
"ca216"	"ca216"	"NA"	"NA"	"NA"	"NA"	"NA"	"NA"
"00d8d"	"00d8d"	"NA"	"NA"	"NA"	"NA"	"NA"	"NA"
"f74a3"	"f74a3"	"NA"	"NA"	"NA"	"NA"	"NA"	"NA"
"4e970"	"4e970"	"NA"	"NA"	"NA"	"NA"	"NA"	"NA"
"b0e47"	"b0e47"	"NA"	"NA"	"NA"	"NA"	"NA"	"NA"
"28996"	"28996"	"NA"	"NA"	"NA"	"NA"	"NA"	"NA"
"06241"	"06241"	"NA"	"NA"	"NA"	"NA"	"NA"	"NA"
"5c07e"	"5c07e"	"NA"	"NA"	"NA"	"NA"	"NA"	"NA"
"cf9bf"	"cf9bf"	"NA"	"NA"	"NA"	"NA"	"NA"	"NA"
"7b4ac"	"7b4ac"	"NA"	"NA"	"NA"	"NA"	"NA"	"NA"
"8ec6f"	"8ec6f"	"NA"	"NA"	"NA"	"NA"	"NA"	"NA"
"ea5f1"	"ea5f1"	"NA"	"NA"	"NA"	"NA"	"NA"	"NA"
"5485a"	"5485a"	"NA"	"NA"	"NA"	"NA"	"NA"	"NA"
"b96a5"	"b96a5"	"NA"	"NA"	"NA"	"NA"	"NA"	"NA"
"b2815"	"b2815"	"NA"	"NA"	"NA"	"NA"	"NA"	"NA"
"cc6f9"	"cc6f9"	"NA"	"NA"	"NA"	"NA"	"NA"	"NA"
"b0cb2"	"b0cb2"	"NA"	"NA"	"NA"	"NA"	"NA"	"NA"
"1b69e"	"1b69e"	"NA"	"NA"	"NA"	"NA"	"NA"	"NA"
"2b962"	"2b962"	"NA"	"NA"	"NA"	"NA"	"NA"	"NA"
"e7533"	"e7533"	"NA"	"NA"	"NA"	"NA"	"NA"	"NA"
"48bf5"	"48bf5"	"NA"	"NA"	"NA"	"NA"	"NA"	"NA"
"f4da8"	"f4da8"	"NA"	"NA"	"NA"	"NA"	"NA"	"NA"
"4a16b"	"4a16b"	"NA"	"NA"	"NA"	"NA"	"NA"	"NA"
"31de2"	"31de2"	"NA"	"NA"	"NA"	"NA"	"NA"	"NA"
"de28a"	"de28a"	"NA"	"NA"	"NA"	"NA"	"NA"	"NA"
"a777b"	"a777b"	"NA"	"NA"	"NA"	"NA"	"NA"	"NA"
"6660f"	"6660f"	"NA"	"NA"	"NA"	"NA"	"NA"	"NA"
"d2463"	"d2463"	"NA"	"NA"	"NA"	"NA"	"NA"	"NA"
"11b8d"	"11b8d"	"NA"	"NA"	"NA"	"NA"	"NA"	"NA"
"f757e"	"f757e"	"NA"	"NA"	"NA"	"NA"	"NA"	"NA"
"5de04"	"5de04"	"NA"	"NA"	"NA"	"NA"	"NA"	"NA"
"8e3f8"	"8e3f8"	"NA"	"NA"	"NA"	"NA"	"NA"	"NA"
"b8b5a"	"b8b5a"	"NA"	"NA"	"NA"	"NA"	"NA"	"NA"
"d6aa7"	"d6aa7"	"NA"	"NA"	"NA"	"NA"	"NA"	"NA"
"6ace3"	"6ace3"	"NA"	"NA"	"NA"	"NA"	"NA"	"NA"
"a5d95"	"a5d95"	"NA"	"NA"	"NA"	"NA"	"NA"	"NA"
"dd467"	"dd467"	"NA"	"NA"	"NA"	"NA"	"NA"	"NA"
"46337"	"46337"	"NA"	"NA"	"NA"	"NA"	"NA"	"NA"
"36aed"	"36aed"	"NA"	"NA"	"NA"	"NA"	"NA"	"NA"
"2c943"	"2c943"	"NA"	"NA"	"NA"	"NA"	"NA"	"NA"
"0e368"	"0e368"	"NA"	"NA"	"NA"	"NA"	"NA"	"NA"
"3c77d"	"3c77d"	"NA"	"NA"	"NA"	"NA"	"NA"	"NA"
"c5e08"	"c5e08"	"NA"	"NA"	"NA"	"NA"	"NA"	"NA"
"1957c"	"1957c"	"NA"	"NA"	"NA"	"NA"	"NA"	"NA"
"0fc0d"	"0fc0d"	"NA"	"NA"	"NA"	"NA"	"NA"	"NA"
"161da"	"161da"	"NA"	"NA"	"NA"	"NA"	"NA"	"NA"
"b5d24"	"b5d24"	"NA"	"NA"	"NA"	"NA"	"NA"	"NA"
"d57aa"	"d57aa"	"NA"	"NA"	"NA"	"NA"	"NA"	"NA"
"80025"	"80025"	"NA"	"NA"	"NA"	"NA"	"NA"	"NA"
"ef9b6"	"ef9b6"	"NA"	"NA"	"NA"	"NA"	"NA"	"NA"
"b56ce"	"b56ce"	"NA"	"NA"	"NA"	"NA"	"NA"	"NA"
"11c44"	"11c44"	"NA"	"NA"	"NA"	"NA"	"NA"	"NA"
"ed609"	"ed609"	"NA"	"NA"	"NA"	"NA"	"NA"	"NA"
"00665"	"00665"	"NA"	"NA"	"NA"	"NA"	"NA"	"NA"
"e639c"	"e639c"	"NA"	"NA"	"NA"	"NA"	"NA"	"NA"
"9709d"	"9709d"	"NA"	"NA"	"NA"	"NA"	"NA"	"NA"
"797ef"	"797ef"	"NA"	"NA"	"NA"	"NA"	"NA"	"NA"
"280dc"	"280dc"	"NA"	"NA"	"NA"	"NA"	"NA"	"NA"
"ea552"	"ea552"	"NA"	"NA"	"NA"	"NA"	"NA"	"NA"
"99099"	"99099"	"NA"	"NA"	"NA"	"NA"	"NA"	"NA"
"27b74"	"27b74"	"NA"	"NA"	"NA"	"NA"	"NA"	"NA"
"21f1f"	"21f1f"	"NA"	"NA"	"NA"	"NA"	"NA"	"NA"
"25b7a"	"25b7a"	"NA"	"NA"	"NA"	"NA"	"NA"	"NA"
"8e55d"	"8e55d"	"NA"	"NA"	"NA"	"NA"	"NA"	"NA"
"bea17"	"bea17"	"NA"	"NA"	"NA"	"NA"	"NA"	"NA"
"2dd59"	"2dd59"	"NA"	"NA"	"NA"	"NA"	"NA"	"NA"
"cfd48"	"cfd48"	"NA"	"NA"	"NA"	"NA"	"NA"	"NA"
"0a5cb"	"0a5cb"	"NA"	"NA"	"NA"	"NA"	"NA"	"NA"
"0a41a"	"0a41a"	"NA"	"NA"	"NA"	"NA"	"NA"	"NA"
"852b8"	"852b8"	"NA"	"NA"	"NA"	"NA"	"NA"	"NA"
"e8533"	"e8533"	"NA"	"NA"	"NA"	"NA"	"NA"	"NA"
"6bea1"	"6bea1"	"NA"	"NA"	"NA"	"NA"	"NA"	"NA"
"b9d81"	"b9d81"	"NA"	"NA"	"NA"	"NA"	"NA"	"NA"
"d6978"	"d6978"	"NA"	"NA"	"NA"	"NA"	"NA"	"NA"
"c3f1b"	"c3f1b"	"NA"	"NA"	"NA"	"NA"	"NA"	"NA"
"c9c0a"	"c9c0a"	"NA"	"NA"	"NA"	"NA"	"NA"	"NA"
"4adde"	"4adde"	"NA"	"NA"	"NA"	"NA"	"NA"	"NA"
"4b194"	"4b194"	"NA"	"NA"	"NA"	"NA"	"NA"	"NA"
"30c8b"	"30c8b"	"NA"	"NA"	"NA"	"NA"	"NA"	"NA"
"d00ac"	"d00ac"	"NA"	"NA"	"NA"	"NA"	"NA"	"NA"
"f0540"	"f0540"	"NA"	"NA"	"NA"	"NA"	"NA"	"NA"
"80649"	"80649"	"NA"	"NA"	"NA"	"NA"	"NA"	"NA"
"6a8e9"	"6a8e9"	"NA"	"NA"	"NA"	"NA"	"NA"	"NA"
"6202a"	"6202a"	"NA"	"NA"	"NA"	"NA"	"NA"	"NA"
"5379e"	"5379e"	"NA"	"NA"	"NA"	"NA"	"NA"	"NA"
"4e630"	"4e630"	"NA"	"NA"	"NA"	"NA"	"NA"	"NA"
"aaef8"	"aaef8"	"NA"	"NA"	"NA"	"NA"	"NA"	"NA"
"f372d"	"f372d"	"NA"	"NA"	"NA"	"NA"	"NA"	"NA"
"086ec"	"086ec"	"NA"	"NA"	"NA"	"NA"	"NA"	"NA"
"a4baa"	"a4baa"	"NA"	"NA"	"NA"	"NA"	"NA"	"NA"
"1a49b"	"1a49b"	"NA"	"NA"	"NA"	"NA"	"NA"	"NA"
"375c3"	"375c3"	"NA"	"NA"	"NA"	"NA"	"NA"	"NA"
"9d905"	"9d905"	"NA"	"NA"	"NA"	"NA"	"NA"	"NA"
"cab32"	"cab32"	"NA"	"NA"	"NA"	"NA"	"NA"	"NA"
"f6104"	"f6104"	"NA"	"NA"	"NA"	"NA"	"NA"	"NA"
"23285"	"23285"	"NA"	"NA"	"NA"	"NA"	"NA"	"NA"
"88901"	"88901"	"NA"	"NA"	"NA"	"NA"	"NA"	"NA"
"42124"	"42124"	"NA"	"NA"	"NA"	"NA"	"NA"	"NA"
"c77f7"	"c77f7"	"NA"	"NA"	"NA"	"NA"	"NA"	"NA"
"44316"	"44316"	"NA"	"NA"	"NA"	"NA"	"NA"	"NA"
"73595"	"73595"	"NA"	"NA"	"NA"	"NA"	"NA"	"NA"
"180da"	"180da"	"NA"	"NA"	"NA"	"NA"	"NA"	"NA"
"4f5bd"	"4f5bd"	"NA"	"NA"	"NA"	"NA"	"NA"	"NA"
"21080"	"21080"	"NA"	"NA"	"NA"	"NA"	"NA"	"NA"
"b70c2"	"b70c2"	"NA"	"NA"	"NA"	"NA"	"NA"	"NA"
"c48f0"	"c48f0"	"NA"	"NA"	"NA"	"NA"	"NA"	"NA"
"e4928"	"e4928"	"NA"	"NA"	"NA"	"NA"	"NA"	"NA"
"47a11"	"47a11"	"NA"	"NA"	"NA"	"NA"	"NA"	"NA"
"134a4"	"134a4"	"NA"	"NA"	"NA"	"NA"	"NA"	"NA"
"19e03"	"19e03"	"NA"	"NA"	"NA"	"NA"	"NA"	"NA"
"396eb"	"396eb"	"NA"	"NA"	"NA"	"NA"	"NA"	"NA"
"0c22b"	"0c22b"	"NA"	"NA"	"NA"	"NA"	"NA"	"NA"
"880ba"	"880ba"	"NA"	"NA"	"NA"	"NA"	"NA"	"NA"
"9b934"	"9b934"	"NA"	"NA"	"NA"	"NA"	"NA"	"NA"
"503da"	"503da"	"NA"	"NA"	"NA"	"NA"	"NA"	"NA"
"5562f"	"5562f"	"NA"	"NA"	"NA"	"NA"	"NA"	"NA"
"72843"	"72843"	"NA"	"NA"	"NA"	"NA"	"NA"	"NA"
"d0121"	"d0121"	"NA"	"NA"	"NA"	"NA"	"NA"	"NA"
"6f275"	"6f275"	"NA"	"NA"	"NA"	"NA"	"NA"	"NA"
"f476f"	"f476f"	"NA"	"NA"	"NA"	"NA"	"NA"	"NA"
"e6c75"	"e6c75"	"NA"	"NA"	"NA"	"NA"	"NA"	"NA"
"f86d5"	"f86d5"	"NA"	"NA"	"NA"	"NA"	"NA"	"NA"
"6dedf"	"6dedf"	"NA"	"NA"	"NA"	"NA"	"NA"	"NA"
"8d2d0"	"8d2d0"	"NA"	"NA"	"NA"	"NA"	"NA"	"NA"
"35e40"	"35e40"	"NA"	"NA"	"NA"	"NA"	"NA"	"NA"
"d650d"	"d650d"	"NA"	"NA"	"NA"	"NA"	"NA"	"NA"
"72e6d"	"72e6d"	"NA"	"NA"	"NA"	"NA"	"NA"	"NA"
"cda25"	"cda25"	"NA"	"NA"	"NA"	"NA"	"NA"	"NA"
"c4147"	"c4147"	"NA"	"NA"	"NA"	"NA"	"NA"	"NA"
"86a1b"	"86a1b"	"NA"	"NA"	"NA"	"NA"	"NA"	"NA"
"0ed9b"	"0ed9b"	"NA"	"NA"	"NA"	"NA"	"NA"	"NA"
"889b5"	"889b5"	"NA"	"NA"	"NA"	"NA"	"NA"	"NA"
"e176d"	"e176d"	"NA"	"NA"	"NA"	"NA"	"NA"	"NA"
"c0d02"	"c0d02"	"NA"	"NA"	"NA"	"NA"	"NA"	"NA"
"f2a17"	"f2a17"	"NA"	"NA"	"NA"	"NA"	"NA"	"NA"
"7540f"	"7540f"	"NA"	"NA"	"NA"	"NA"	"NA"	"NA"
"837bb"	"837bb"	"NA"	"NA"	"NA"	"NA"	"NA"	"NA"
"fcb35"	"fcb35"	"NA"	"NA"	"NA"	"NA"	"NA"	"NA"
"69399"	"69399"	"NA"	"NA"	"NA"	"NA"	"NA"	"NA"
"1cfbf"	"1cfbf"	"NA"	"NA"	"NA"	"NA"	"NA"	"NA"
"cae49"	"cae49"	"NA"	"NA"	"NA"	"NA"	"NA"	"NA"
"1f616"	"1f616"	"NA"	"NA"	"NA"	"NA"	"NA"	"NA"
"94a41"	"94a41"	"NA"	"NA"	"NA"	"NA"	"NA"	"NA"
"f39e7"	"f39e7"	"NA"	"NA"	"NA"	"NA"	"NA"	"NA"
"847ac"	"847ac"	"NA"	"NA"	"NA"	"NA"	"NA"	"NA"
"ebdae"	"ebdae"	"NA"	"NA"	"NA"	"NA"	"NA"	"NA"
"61e63"	"61e63"	"NA"	"NA"	"NA"	"NA"	"NA"	"NA"
"59810"	"59810"	"NA"	"NA"	"NA"	"NA"	"NA"	"NA"
"59424"	"59424"	"NA"	"NA"	"NA"	"NA"	"NA"	"NA"
"1e3a3"	"1e3a3"	"NA"	"NA"	"NA"	"NA"	"NA"	"NA"
"bf1a9"	"bf1a9"	"NA"	"NA"	"NA"	"NA"	"NA"	"NA"
"1b0d6"	"1b0d6"	"NA"	"NA"	"NA"	"NA"	"NA"	"NA"
"4b70c"	"4b70c"	"NA"	"NA"	"NA"	"NA"	"NA"	"NA"
"fd93d"	"fd93d"	"NA"	"NA"	"NA"	"NA"	"NA"	"NA"
"e92a2"	"e92a2"	"NA"	"NA"	"NA"	"NA"	"NA"	"NA"
"fe134"	"fe134"	"NA"	"NA"	"NA"	"NA"	"NA"	"NA"
"4655e"	"4655e"	"NA"	"NA"	"NA"	"NA"	"NA"	"NA"
"610bb"	"610bb"	"NA"	"NA"	"NA"	"NA"	"NA"	"NA"
"34bc8"	"34bc8"	"NA"	"NA"	"NA"	"NA"	"NA"	"NA"
"02576"	"02576"	"NA"	"NA"	"NA"	"NA"	"NA"	"NA"
"c1874"	"c1874"	"NA"	"NA"	"NA"	"NA"	"NA"	"NA"
"e7a2a"	"e7a2a"	"NA"	"NA"	"NA"	"NA"	"NA"	"NA"
"738f8"	"738f8"	"NA"	"NA"	"NA"	"NA"	"NA"	"NA"
"24ced"	"24ced"	"NA"	"NA"	"NA"	"NA"	"NA"	"NA"
"aafb5"	"aafb5"	"NA"	"NA"	"NA"	"NA"	"NA"	"NA"
"18e4b"	"18e4b"	"NA"	"NA"	"NA"	"NA"	"NA"	"NA"
"4abbe"	"4abbe"	"NA"	"NA"	"NA"	"NA"	"NA"	"NA"
"b52cb"	"b52cb"	"NA"	"NA"	"NA"	"NA"	"NA"	"NA"
"4d0a2"	"4d0a2"	"NA"	"NA"	"NA"	"NA"	"NA"	"NA"
"6de5a"	"6de5a"	"NA"	"NA"	"NA"	"NA"	"NA"	"NA"
"38d50"	"38d50"	"NA"	"NA"	"NA"	"NA"	"NA"	"NA"
"269d5"	"269d5"	"NA"	"NA"	"NA"	"NA"	"NA"	"NA"
"022a3"	"022a3"	"NA"	"NA"	"NA"	"NA"	"NA"	"NA"
"8c304"	"8c304"	"NA"	"NA"	"NA"	"NA"	"NA"	"NA"
"de9e7"	"de9e7"	"NA"	"NA"	"NA"	"NA"	"NA"	"NA"
"06006"	"06006"	"NA"	"NA"	"NA"	"NA"	"NA"	"NA"
"bdff2"	"bdff2"	"NA"	"NA"	"NA"	"NA"	"NA"	"NA"
"2cf1e"	"2cf1e"	"NA"	"NA"	"NA"	"NA"	"NA"	"NA"
"1ff4b"	"1ff4b"	"NA"	"NA"	"NA"	"NA"	"NA"	"NA"
"c3843"	"c3843"	"NA"	"NA"	"NA"	"NA"	"NA"	"NA"
"bba97"	"bba97"	"NA"	"NA"	"NA"	"NA"	"NA"	"NA"
"33824"	"33824"	"NA"	"NA"	"NA"	"NA"	"NA"	"NA"
"96bb8"	"96bb8"	"NA"	"NA"	"NA"	"NA"	"NA"	"NA"
"0d760"	"0d760"	"NA"	"NA"	"NA"	"NA"	"NA"	"NA"
"c3592"	"c3592"	"NA"	"NA"	"NA"	"NA"	"NA"	"NA"
"5064e"	"5064e"	"NA"	"NA"	"NA"	"NA"	"NA"	"NA"
"fc410"	"fc410"	"NA"	"NA"	"NA"	"NA"	"NA"	"NA"
"03c5a"	"03c5a"	"NA"	"NA"	"NA"	"NA"	"NA"	"NA"
"21bbd"	"21bbd"	"NA"	"NA"	"NA"	"NA"	"NA"	"NA"
"ce9c1"	"ce9c1"	"NA"	"NA"	"NA"	"NA"	"NA"	"NA"
"fc3b4"	"fc3b4"	"NA"	"NA"	"NA"	"NA"	"NA"	"NA"
"524ba"	"524ba"	"NA"	"NA"	"NA"	"NA"	"NA"	"NA"
"079a0"	"079a0"	"NA"	"NA"	"NA"	"NA"	"NA"	"NA"
"787d1"	"787d1"	"NA"	"NA"	"NA"	"NA"	"NA"	"NA"
"9d6df"	"9d6df"	"NA"	"NA"	"NA"	"NA"	"NA"	"NA"
"813aa"	"813aa"	"NA"	"NA"	"NA"	"NA"	"NA"	"NA"
"bcdff"	"bcdff"	"NA"	"NA"	"NA"	"NA"	"NA"	"NA"
"180fe"	"180fe"	"NA"	"NA"	"NA"	"NA"	"NA"	"NA"
"e0741"	"e0741"	"NA"	"NA"	"NA"	"NA"	"NA"	"NA"
"778fd"	"778fd"	"NA"	"NA"	"NA"	"NA"	"NA"	"NA"
"7ea3d"	"7ea3d"	"NA"	"NA"	"NA"	"NA"	"NA"	"NA"
"9c986"	"9c986"	"NA"	"NA"	"NA"	"NA"	"NA"	"NA"
"3febe"	"3febe"	"NA"	"NA"	"NA"	"NA"	"NA"	"NA"
"667f2"	"667f2"	"NA"	"NA"	"NA"	"NA"	"NA"	"NA"
"7c9e7"	"7c9e7"	"NA"	"NA"	"NA"	"NA"	"NA"	"NA"
"ee838"	"ee838"	"NA"	"NA"	"NA"	"NA"	"NA"	"NA"
"630e6"	"630e6"	"NA"	"NA"	"NA"	"NA"	"NA"	"NA"
"2fcab"	"2fcab"	"NA"	"NA"	"NA"	"NA"	"NA"	"NA"
"f57f3"	"f57f3"	"NA"	"NA"	"NA"	"NA"	"NA"	"NA"
"7ae0a"	"7ae0a"	"NA"	"NA"	"NA"	"NA"	"NA"	"NA"
"c21b6"	"c21b6"	"NA"	"NA"	"NA"	"NA"	"NA"	"NA"
"f3bdf"	"f3bdf"	"NA"	"NA"	"NA"	"NA"	"NA"	"NA"
"f7a13"	"f7a13"	"NA"	"NA"	"NA"	"NA"	"NA"	"NA"
"8cf65"	"8cf65"	"NA"	"NA"	"NA"	"NA"	"NA"	"NA"
"22f9e"	"22f9e"	"NA"	"NA"	"NA"	"NA"	"NA"	"NA"
"ba68c"	"ba68c"	"NA"	"NA"	"NA"	"NA"	"NA"	"NA"
"b6cea"	"b6cea"	"NA"	"NA"	"NA"	"NA"	"NA"	"NA"
"a018b"	"a018b"	"NA"	"NA"	"NA"	"NA"	"NA"	"NA"
"a4ed7"	"a4ed7"	"NA"	"NA"	"NA"	"NA"	"NA"	"NA"
"76c2a"	"76c2a"	"NA"	"NA"	"NA"	"NA"	"NA"	"NA"
"5a300"	"5a300"	"NA"	"NA"	"NA"	"NA"	"NA"	"NA"
"3b0a3"	"3b0a3"	"NA"	"NA"	"NA"	"NA"	"NA"	"NA"
"878a0"	"878a0"	"NA"	"NA"	"NA"	"NA"	"NA"	"NA"
"23097"	"23097"	"NA"	"NA"	"NA"	"NA"	"NA"	"NA"
"b5c10"	"b5c10"	"NA"	"NA"	"NA"	"NA"	"NA"	"NA"
"70d1b"	"70d1b"	"NA"	"NA"	"NA"	"NA"	"NA"	"NA"
"68c3a"	"68c3a"	"NA"	"NA"	"NA"	"NA"	"NA"	"NA"
"c7a4a"	"c7a4a"	"NA"	"NA"	"NA"	"NA"	"NA"	"NA"
"21329"	"21329"	"NA"	"NA"	"NA"	"NA"	"NA"	"NA"
"82475"	"82475"	"NA"	"NA"	"NA"	"NA"	"NA"	"NA"
"e4b39"	"e4b39"	"NA"	"NA"	"NA"	"NA"	"NA"	"NA"
"dd554"	"dd554"	"NA"	"NA"	"NA"	"NA"	"NA"	"NA"
"9fe28"	"9fe28"	"NA"	"NA"	"NA"	"NA"	"NA"	"NA"
"2271f"	"2271f"	"NA"	"NA"	"NA"	"NA"	"NA"	"NA"
"cac04"	"cac04"	"NA"	"NA"	"NA"	"NA"	"NA"	"NA"
"8e994"	"8e994"	"NA"	"NA"	"NA"	"NA"	"NA"	"NA"
"4ac9e"	"4ac9e"	"NA"	"NA"	"NA"	"NA"	"NA"	"NA"
"efb6d"	"efb6d"	"NA"	"NA"	"NA"	"NA"	"NA"	"NA"
"18d02"	"18d02"	"NA"	"NA"	"NA"	"NA"	"NA"	"NA"
"aded8"	"aded8"	"NA"	"NA"	"NA"	"NA"	"NA"	"NA"
"4005b"	"4005b"	"NA"	"NA"	"NA"	"NA"	"NA"	"NA"
"41b83"	"41b83"	"NA"	"NA"	"NA"	"NA"	"NA"	"NA"
"30e74"	"30e74"	"NA"	"NA"	"NA"	"NA"	"NA"	"NA"
"570e8"	"570e8"	"NA"	"NA"	"NA"	"NA"	"NA"	"NA"
"74365"	"74365"	"NA"	"NA"	"NA"	"NA"	"NA"	"NA"
"1a7a9"	"1a7a9"	"NA"	"NA"	"NA"	"NA"	"NA"	"NA"
"a9940"	"a9940"	"NA"	"NA"	"NA"	"NA"	"NA"	"NA"
"f7a2a"	"f7a2a"	"NA"	"NA"	"NA"	"NA"	"NA"	"NA"
"2d10a"	"2d10a"	"NA"	"NA"	"NA"	"NA"	"NA"	"NA"
"95598"	"95598"	"NA"	"NA"	"NA"	"NA"	"NA"	"NA"
"a5ec2"	"a5ec2"	"NA"	"NA"	"NA"	"NA"	"NA"	"NA"
"657cc"	"657cc"	"NA"	"NA"	"NA"	"NA"	"NA"	"NA"
"3960b"	"3960b"	"NA"	"NA"	"NA"	"NA"	"NA"	"NA"
"477b1"	"477b1"	"NA"	"NA"	"NA"	"NA"	"NA"	"NA"
"fe4f0"	"fe4f0"	"NA"	"NA"	"NA"	"NA"	"NA"	"NA"
"c2da7"	"c2da7"	"NA"	"NA"	"NA"	"NA"	"NA"	"NA"
"36629"	"36629"	"NA"	"NA"	"NA"	"NA"	"NA"	"NA"
"d2276"	"d2276"	"NA"	"NA"	"NA"	"NA"	"NA"	"NA"
"e7aad"	"e7aad"	"NA"	"NA"	"NA"	"NA"	"NA"	"NA"
"b0db8"	"b0db8"	"NA"	"NA"	"NA"	"NA"	"NA"	"NA"
"32c1a"	"32c1a"	"NA"	"NA"	"NA"	"NA"	"NA"	"NA"
"5c22b"	"5c22b"	"NA"	"NA"	"NA"	"NA"	"NA"	"NA"
"1a30c"	"1a30c"	"NA"	"NA"	"NA"	"NA"	"NA"	"NA"
"cc454"	"cc454"	"NA"	"NA"	"NA"	"NA"	"NA"	"NA"
"c3d83"	"c3d83"	"NA"	"NA"	"NA"	"NA"	"NA"	"NA"
"54a55"	"54a55"	"NA"	"NA"	"NA"	"NA"	"NA"	"NA"
"de2a2"	"de2a2"	"NA"	"NA"	"NA"	"NA"	"NA"	"NA"
"bf3ac"	"bf3ac"	"NA"	"NA"	"NA"	"NA"	"NA"	"NA"
"3aac9"	"3aac9"	"NA"	"NA"	"NA"	"NA"	"NA"	"NA"
"87d15"	"87d15"	"NA"	"NA"	"NA"	"NA"	"NA"	"NA"
"976d1"	"976d1"	"NA"	"NA"	"NA"	"NA"	"NA"	"NA"
"2a271"	"2a271"	"NA"	"NA"	"NA"	"NA"	"NA"	"NA"
"8998d"	"8998d"	"NA"	"NA"	"NA"	"NA"	"NA"	"NA"
"976a1"	"976a1"	"NA"	"NA"	"NA"	"NA"	"NA"	"NA"
"5770f"	"5770f"	"NA"	"NA"	"NA"	"NA"	"NA"	"NA"
"57cb5"	"57cb5"	"NA"	"NA"	"NA"	"NA"	"NA"	"NA"
"e3857"	"e3857"	"NA"	"NA"	"NA"	"NA"	"NA"	"NA"
"73a53"	"73a53"	"NA"	"NA"	"NA"	"NA"	"NA"	"NA"
"4e619"	"4e619"	"NA"	"NA"	"NA"	"NA"	"NA"	"NA"
"baaa2"	"baaa2"	"NA"	"NA"	"NA"	"NA"	"NA"	"NA"
"28b2d"	"28b2d"	"NA"	"NA"	"NA"	"NA"	"NA"	"NA"
"e2174"	"e2174"	"NA"	"NA"	"NA"	"NA"	"NA"	"NA"
"8d26e"	"8d26e"	"NA"	"NA"	"NA"	"NA"	"NA"	"NA"
"a4789"	"a4789"	"NA"	"NA"	"NA"	"NA"	"NA"	"NA"
"d9410"	"d9410"	"NA"	"NA"	"NA"	"NA"	"NA"	"NA"
"b5f58"	"b5f58"	"NA"	"NA"	"NA"	"NA"	"NA"	"NA"
"18750"	"18750"	"NA"	"NA"	"NA"	"NA"	"NA"	"NA"
"446d0"	"446d0"	"NA"	"NA"	"NA"	"NA"	"NA"	"NA"
"0183e"	"0183e"	"NA"	"NA"	"NA"	"NA"	"NA"	"NA"
"b1431"	"b1431"	"NA"	"NA"	"NA"	"NA"	"NA"	"NA"
"4ad00"	"4ad00"	"NA"	"NA"	"NA"	"NA"	"NA"	"NA"
"8b7a4"	"8b7a4"	"NA"	"NA"	"NA"	"NA"	"NA"	"NA"
"a3ac6"	"a3ac6"	"NA"	"NA"	"NA"	"NA"	"NA"	"NA"
"6ef55"	"6ef55"	"NA"	"NA"	"NA"	"NA"	"NA"	"NA"
"c65c8"	"c65c8"	"NA"	"NA"	"NA"	"NA"	"NA"	"NA"
"eeded"	"eeded"	"NA"	"NA"	"NA"	"NA"	"NA"	"NA"
"4c454"	"4c454"	"NA"	"NA"	"NA"	"NA"	"NA"	"NA"
"09181"	"09181"	"NA"	"NA"	"NA"	"NA"	"NA"	"NA"
"efb86"	"efb86"	"NA"	"NA"	"NA"	"NA"	"NA"	"NA"
"7beff"	"7beff"	"NA"	"NA"	"NA"	"NA"	"NA"	"NA"
"76981"	"76981"	"NA"	"NA"	"NA"	"NA"	"NA"	"NA"
"41877"	"41877"	"NA"	"NA"	"NA"	"NA"	"NA"	"NA"
"53cc8"	"53cc8"	"NA"	"NA"	"NA"	"NA"	"NA"	"NA"
"4e9ea"	"4e9ea"	"NA"	"NA"	"NA"	"NA"	"NA"	"NA"
"a9346"	"a9346"	"NA"	"NA"	"NA"	"NA"	"NA"	"NA"
"87361"	"87361"	"NA"	"NA"	"NA"	"NA"	"NA"	"NA"
"c284e"	"c284e"	"NA"	"NA"	"NA"	"NA"	"NA"	"NA"
"04480"	"04480"	"NA"	"NA"	"NA"	"NA"	"NA"	"NA"
"4b40b"	"4b40b"	"NA"	"NA"	"NA"	"NA"	"NA"	"NA"
"36a9d"	"36a9d"	"NA"	"NA"	"NA"	"NA"	"NA"	"NA"
"4926b"	"4926b"	"NA"	"NA"	"NA"	"NA"	"NA"	"NA"
"f8bf0"	"f8bf0"	"NA"	"NA"	"NA"	"NA"	"NA"	"NA"
"3d2f6"	"3d2f6"	"NA"	"NA"	"NA"	"NA"	"NA"	"NA"
"cef8b"	"cef8b"	"NA"	"NA"	"NA"	"NA"	"NA"	"NA"
"ed901"	"ed901"	"NA"	"NA"	"NA"	"NA"	"NA"	"NA"
"e8762"	"e8762"	"NA"	"NA"	"NA"	"NA"	"NA"	"NA"
"8af09"	"8af09"	"NA"	"NA"	"NA"	"NA"	"NA"	"NA"
"bb148"	"bb148"	"NA"	"NA"	"NA"	"NA"	"NA"	"NA"
"8f8ba"	"8f8ba"	"NA"	"NA"	"NA"	"NA"	"NA"	"NA"
"bc996"	"bc996"	"NA"	"NA"	"NA"	"NA"	"NA"	"NA"
"0ba5b"	"0ba5b"	"NA"	"NA"	"NA"	"NA"	"NA"	"NA"
"ce7fc"	"ce7fc"	"NA"	"NA"	"NA"	"NA"	"NA"	"NA"
"7bea1"	"7bea1"	"NA"	"NA"	"NA"	"NA"	"NA"	"NA"
"4b72d"	"4b72d"	"NA"	"NA"	"NA"	"NA"	"NA"	"NA"
"cbb23"	"cbb23"	"NA"	"NA"	"NA"	"NA"	"NA"	"NA"
"f7c30"	"f7c30"	"NA"	"NA"	"NA"	"NA"	"NA"	"NA"
"a987d"	"a987d"	"NA"	"NA"	"NA"	"NA"	"NA"	"NA"
"9a4ad"	"9a4ad"	"NA"	"NA"	"NA"	"NA"	"NA"	"NA"
"4c8d8"	"4c8d8"	"NA"	"NA"	"NA"	"NA"	"NA"	"NA"
"4bad3"	"4bad3"	"NA"	"NA"	"NA"	"NA"	"NA"	"NA"
"8f3e3"	"8f3e3"	"NA"	"NA"	"NA"	"NA"	"NA"	"NA"
"8cbe4"	"8cbe4"	"NA"	"NA"	"NA"	"NA"	"NA"	"NA"
"62020"	"62020"	"NA"	"NA"	"NA"	"NA"	"NA"	"NA"
"23872"	"23872"	"NA"	"NA"	"NA"	"NA"	"NA"	"NA"
"0c5d2"	"0c5d2"	"NA"	"NA"	"NA"	"NA"	"NA"	"NA"
"149d0"	"149d0"	"NA"	"NA"	"NA"	"NA"	"NA"	"NA"
"88bf2"	"88bf2"	"NA"	"NA"	"NA"	"NA"	"NA"	"NA"
"43215"	"43215"	"NA"	"NA"	"NA"	"NA"	"NA"	"NA"
"21e35"	"21e35"	"NA"	"NA"	"NA"	"NA"	"NA"	"NA"
"55159"	"55159"	"NA"	"NA"	"NA"	"NA"	"NA"	"NA"
"465dd"	"465dd"	"NA"	"NA"	"NA"	"NA"	"NA"	"NA"
"ed9de"	"ed9de"	"NA"	"NA"	"NA"	"NA"	"NA"	"NA"
"e5162"	"e5162"	"NA"	"NA"	"NA"	"NA"	"NA"	"NA"
"1776a"	"1776a"	"NA"	"NA"	"NA"	"NA"	"NA"	"NA"
"42a62"	"42a62"	"NA"	"NA"	"NA"	"NA"	"NA"	"NA"
"854c8"	"854c8"	"NA"	"NA"	"NA"	"NA"	"NA"	"NA"
"95ee7"	"95ee7"	"NA"	"NA"	"NA"	"NA"	"NA"	"NA"
"86bf8"	"86bf8"	"NA"	"NA"	"NA"	"NA"	"NA"	"NA"
"a56c4"	"a56c4"	"NA"	"NA"	"NA"	"NA"	"NA"	"NA"
"167bd"	"167bd"	"NA"	"NA"	"NA"	"NA"	"NA"	"NA"
"a3487"	"a3487"	"NA"	"NA"	"NA"	"NA"	"NA"	"NA"
"6899f"	"6899f"	"NA"	"NA"	"NA"	"NA"	"NA"	"NA"
"5aa63"	"5aa63"	"NA"	"NA"	"NA"	"NA"	"NA"	"NA"
"75062"	"75062"	"NA"	"NA"	"NA"	"NA"	"NA"	"NA"
"dac9c"	"dac9c"	"NA"	"NA"	"NA"	"NA"	"NA"	"NA"
"69d3c"	"69d3c"	"NA"	"NA"	"NA"	"NA"	"NA"	"NA"
"11fe3"	"11fe3"	"NA"	"NA"	"NA"	"NA"	"NA"	"NA"
"4ab4e"	"4ab4e"	"NA"	"NA"	"NA"	"NA"	"NA"	"NA"
"6ae7b"	"6ae7b"	"NA"	"NA"	"NA"	"NA"	"NA"	"NA"
"7c4b4"	"7c4b4"	"NA"	"NA"	"NA"	"NA"	"NA"	"NA"
"427c6"	"427c6"	"NA"	"NA"	"NA"	"NA"	"NA"	"NA"
"301d2"	"301d2"	"NA"	"NA"	"NA"	"NA"	"NA"	"NA"
"abd5f"	"abd5f"	"NA"	"NA"	"NA"	"NA"	"NA"	"NA"
"cd0c6"	"cd0c6"	"NA"	"NA"	"NA"	"NA"	"NA"	"NA"
"ac1a3"	"ac1a3"	"NA"	"NA"	"NA"	"NA"	"NA"	"NA"
"b03c4"	"b03c4"	"NA"	"NA"	"NA"	"NA"	"NA"	"NA"
"084fa"	"084fa"	"NA"	"NA"	"NA"	"NA"	"NA"	"NA"
"4692f"	"4692f"	"NA"	"NA"	"NA"	"NA"	"NA"	"NA"
"d6425"	"d6425"	"NA"	"NA"	"NA"	"NA"	"NA"	"NA"
"af043"	"af043"	"NA"	"NA"	"NA"	"NA"	"NA"	"NA"
"faa22"	"faa22"	"NA"	"NA"	"NA"	"NA"	"NA"	"NA"
"ecad1"	"ecad1"	"NA"	"NA"	"NA"	"NA"	"NA"	"NA"
"36256"	"36256"	"NA"	"NA"	"NA"	"NA"	"NA"	"NA"
"14074"	"14074"	"NA"	"NA"	"NA"	"NA"	"NA"	"NA"
"35642"	"35642"	"NA"	"NA"	"NA"	"NA"	"NA"	"NA"
"b1087"	"b1087"	"NA"	"NA"	"NA"	"NA"	"NA"	"NA"
"8d147"	"8d147"	"NA"	"NA"	"NA"	"NA"	"NA"	"NA"
"8b46e"	"8b46e"	"NA"	"NA"	"NA"	"NA"	"NA"	"NA"
"718aa"	"718aa"	"NA"	"NA"	"NA"	"NA"	"NA"	"NA"
"a335c"	"a335c"	"NA"	"NA"	"NA"	"NA"	"NA"	"NA"
"5164f"	"5164f"	"NA"	"NA"	"NA"	"NA"	"NA"	"NA"
"931b9"	"931b9"	"NA"	"NA"	"NA"	"NA"	"NA"	"NA"
"8f23e"	"8f23e"	"NA"	"NA"	"NA"	"NA"	"NA"	"NA"
"78887"	"78887"	"NA"	"NA"	"NA"	"NA"	"NA"	"NA"
"d6edd"	"d6edd"	"NA"	"NA"	"NA"	"NA"	"NA"	"NA"
"0d192"	"0d192"	"NA"	"NA"	"NA"	"NA"	"NA"	"NA"
"1dbd1"	"1dbd1"	"NA"	"NA"	"NA"	"NA"	"NA"	"NA"
"71d58"	"71d58"	"NA"	"NA"	"NA"	"NA"	"NA"	"NA"
"9d8a3"	"9d8a3"	"NA"	"NA"	"NA"	"NA"	"NA"	"NA"
"1ae3d"	"1ae3d"	"NA"	"NA"	"NA"	"NA"	"NA"	"NA"
"755ca"	"755ca"	"NA"	"NA"	"NA"	"NA"	"NA"	"NA"
"f41ed"	"f41ed"	"NA"	"NA"	"NA"	"NA"	"NA"	"NA"
"83414"	"83414"	"NA"	"NA"	"NA"	"NA"	"NA"	"NA"
"2eaa5"	"2eaa5"	"NA"	"NA"	"NA"	"NA"	"NA"	"NA"
"6db9d"	"6db9d"	"NA"	"NA"	"NA"	"NA"	"NA"	"NA"
"281de"	"281de"	"NA"	"NA"	"NA"	"NA"	"NA"	"NA"
"bb5ba"	"bb5ba"	"NA"	"NA"	"NA"	"NA"	"NA"	"NA"
"413cf"	"413cf"	"NA"	"NA"	"NA"	"NA"	"NA"	"NA"
"3e8b8"	"3e8b8"	"NA"	"NA"	"NA"	"NA"	"NA"	"NA"
"a61d8"	"a61d8"	"NA"	"NA"	"NA"	"NA"	"NA"	"NA"
"cb601"	"cb601"	"NA"	"NA"	"NA"	"NA"	"NA"	"NA"
"97e29"	"97e29"	"NA"	"NA"	"NA"	"NA"	"NA"	"NA"
"e4a70"	"e4a70"	"NA"	"NA"	"NA"	"NA"	"NA"	"NA"
"bfa61"	"bfa61"	"NA"	"NA"	"NA"	"NA"	"NA"	"NA"
"959c2"	"959c2"	"NA"	"NA"	"NA"	"NA"	"NA"	"NA"
"07b16"	"07b16"	"NA"	"NA"	"NA"	"NA"	"NA"	"NA"
"e21c9"	"e21c9"	"NA"	"NA"	"NA"	"NA"	"NA"	"NA"
"1d0b7"	"1d0b7"	"NA"	"NA"	"NA"	"NA"	"NA"	"NA"
"b6a6f"	"b6a6f"	"NA"	"NA"	"NA"	"NA"	"NA"	"NA"
"8529d"	"8529d"	"NA"	"NA"	"NA"	"NA"	"NA"	"NA"
"52151"	"52151"	"NA"	"NA"	"NA"	"NA"	"NA"	"NA"
"73c76"	"73c76"	"NA"	"NA"	"NA"	"NA"	"NA"	"NA"
"91774"	"91774"	"NA"	"NA"	"NA"	"NA"	"NA"	"NA"
"0008a"	"0008a"	"NA"	"NA"	"NA"	"NA"	"NA"	"NA"
"83b0e"	"83b0e"	"NA"	"NA"	"NA"	"NA"	"NA"	"NA"
"0f61e"	"0f61e"	"NA"	"NA"	"NA"	"NA"	"NA"	"NA"
"615c0"	"615c0"	"NA"	"NA"	"NA"	"NA"	"NA"	"NA"
"e96b2"	"e96b2"	"NA"	"NA"	"NA"	"NA"	"NA"	"NA"
"ae6bf"	"ae6bf"	"NA"	"NA"	"NA"	"NA"	"NA"	"NA"
"6ec97"	"6ec97"	"NA"	"NA"	"NA"	"NA"	"NA"	"NA"
"bee74"	"bee74"	"NA"	"NA"	"NA"	"NA"	"NA"	"NA"
"39dfa"	"39dfa"	"NA"	"NA"	"NA"	"NA"	"NA"	"NA"
"051bb"	"051bb"	"NA"	"NA"	"NA"	"NA"	"NA"	"NA"
"c4148"	"c4148"	"NA"	"NA"	"NA"	"NA"	"NA"	"NA"
"bcd09"	"bcd09"	"NA"	"NA"	"NA"	"NA"	"NA"	"NA"
"f8615"	"f8615"	"NA"	"NA"	"NA"	"NA"	"NA"	"NA"
"15533"	"15533"	"NA"	"NA"	"NA"	"NA"	"NA"	"NA"
"192ca"	"192ca"	"NA"	"NA"	"NA"	"NA"	"NA"	"NA"
"dfdf2"	"dfdf2"	"NA"	"NA"	"NA"	"NA"	"NA"	"NA"
"eaa3e"	"eaa3e"	"NA"	"NA"	"NA"	"NA"	"NA"	"NA"
"82a96"	"82a96"	"NA"	"NA"	"NA"	"NA"	"NA"	"NA"
"c8e05"	"c8e05"	"NA"	"NA"	"NA"	"NA"	"NA"	"NA"
"cc061"	"cc061"	"NA"	"NA"	"NA"	"NA"	"NA"	"NA"
"c1c9b"	"c1c9b"	"NA"	"NA"	"NA"	"NA"	"NA"	"NA"
"c2630"	"c2630"	"NA"	"NA"	"NA"	"NA"	"NA"	"NA"
"f372f"	"f372f"	"NA"	"NA"	"NA"	"NA"	"NA"	"NA"
"793a7"	"793a7"	"NA"	"NA"	"NA"	"NA"	"NA"	"NA"
"86a5e"	"86a5e"	"NA"	"NA"	"NA"	"NA"	"NA"	"NA"
"a1ec0"	"a1ec0"	"NA"	"NA"	"NA"	"NA"	"NA"	"NA"
"d1c2e"	"d1c2e"	"NA"	"NA"	"NA"	"NA"	"NA"	"NA"
"2c65e"	"2c65e"	"NA"	"NA"	"NA"	"NA"	"NA"	"NA"
"73f76"	"73f76"	"NA"	"NA"	"NA"	"NA"	"NA"	"NA"
"ca6dd"	"ca6dd"	"NA"	"NA"	"NA"	"NA"	"NA"	"NA"
"41f83"	"41f83"	"NA"	"NA"	"NA"	"NA"	"NA"	"NA"
"59e26"	"59e26"	"NA"	"NA"	"NA"	"NA"	"NA"	"NA"
"1d0df"	"1d0df"	"NA"	"NA"	"NA"	"NA"	"NA"	"NA"
"2e979"	"2e979"	"NA"	"NA"	"NA"	"NA"	"NA"	"NA"
"cb24e"	"cb24e"	"NA"	"NA"	"NA"	"NA"	"NA"	"NA"
"0e02d"	"0e02d"	"NA"	"NA"	"NA"	"NA"	"NA"	"NA"
"eae09"	"eae09"	"NA"	"NA"	"NA"	"NA"	"NA"	"NA"
"cf189"	"cf189"	"NA"	"NA"	"NA"	"NA"	"NA"	"NA"
"3832b"	"3832b"	"NA"	"NA"	"NA"	"NA"	"NA"	"NA"
"3ff55"	"3ff55"	"NA"	"NA"	"NA"	"NA"	"NA"	"NA"
"cf995"	"cf995"	"NA"	"NA"	"NA"	"NA"	"NA"	"NA"
"6c9f3"	"6c9f3"	"NA"	"NA"	"NA"	"NA"	"NA"	"NA"
"8ac95"	"8ac95"	"NA"	"NA"	"NA"	"NA"	"NA"	"NA"
"94f7b"	"94f7b"	"NA"	"NA"	"NA"	"NA"	"NA"	"NA"
"13c9f"	"13c9f"	"NA"	"NA"	"NA"	"NA"	"NA"	"NA"
"93c4e"	"93c4e"	"NA"	"NA"	"NA"	"NA"	"NA"	"NA"
"3ec68"	"3ec68"	"NA"	"NA"	"NA"	"NA"	"NA"	"NA"
"5bb9d"	"5bb9d"	"NA"	"NA"	"NA"	"NA"	"NA"	"NA"
"05226"	"05226"	"NA"	"NA"	"NA"	"NA"	"NA"	"NA"
"61a6d"	"61a6d"	"NA"	"NA"	"NA"	"NA"	"NA"	"NA"
"27ffb"	"27ffb"	"NA"	"NA"	"NA"	"NA"	"NA"	"NA"
"b750d"	"b750d"	"NA"	"NA"	"NA"	"NA"	"NA"	"NA"
"c4d1d"	"c4d1d"	"NA"	"NA"	"NA"	"NA"	"NA"	"NA"
"17d14"	"17d14"	"NA"	"NA"	"NA"	"NA"	"NA"	"NA"
"05531"	"05531"	"NA"	"NA"	"NA"	"NA"	"NA"	"NA"
"6fccb"	"6fccb"	"NA"	"NA"	"NA"	"NA"	"NA"	"NA"
"8f024"	"8f024"	"NA"	"NA"	"NA"	"NA"	"NA"	"NA"
"c9432"	"c9432"	"NA"	"NA"	"NA"	"NA"	"NA"	"NA"
"33a8b"	"33a8b"	"NA"	"NA"	"NA"	"NA"	"NA"	"NA"
"14957"	"14957"	"NA"	"NA"	"NA"	"NA"	"NA"	"NA"
"c39cf"	"c39cf"	"NA"	"NA"	"NA"	"NA"	"NA"	"NA"
"6766e"	"6766e"	"NA"	"NA"	"NA"	"NA"	"NA"	"NA"
"d2aee"	"d2aee"	"NA"	"NA"	"NA"	"NA"	"NA"	"NA"
"b6c6d"	"b6c6d"	"NA"	"NA"	"NA"	"NA"	"NA"	"NA"
"e39cc"	"e39cc"	"NA"	"NA"	"NA"	"NA"	"NA"	"NA"
"769aa"	"769aa"	"NA"	"NA"	"NA"	"NA"	"NA"	"NA"
"228d6"	"228d6"	"NA"	"NA"	"NA"	"NA"	"NA"	"NA"
"0b2ce"	"0b2ce"	"NA"	"NA"	"NA"	"NA"	"NA"	"NA"
"a239a"	"a239a"	"NA"	"NA"	"NA"	"NA"	"NA"	"NA"
"f1ef9"	"f1ef9"	"NA"	"NA"	"NA"	"NA"	"NA"	"NA"
"12e3c"	"12e3c"	"NA"	"NA"	"NA"	"NA"	"NA"	"NA"
"894b4"	"894b4"	"NA"	"NA"	"NA"	"NA"	"NA"	"NA"
"710ce"	"710ce"	"NA"	"NA"	"NA"	"NA"	"NA"	"NA"
"8570c"	"8570c"	"NA"	"NA"	"NA"	"NA"	"NA"	"NA"
"b9a60"	"b9a60"	"NA"	"NA"	"NA"	"NA"	"NA"	"NA"
"4afc2"	"4afc2"	"NA"	"NA"	"NA"	"NA"	"NA"	"NA"
"408b6"	"408b6"	"NA"	"NA"	"NA"	"NA"	"NA"	"NA"
"5780e"	"5780e"	"NA"	"NA"	"NA"	"NA"	"NA"	"NA"
"d45ae"	"d45ae"	"NA"	"NA"	"NA"	"NA"	"NA"	"NA"
"0f51d"	"0f51d"	"NA"	"NA"	"NA"	"NA"	"NA"	"NA"
"4ae18"	"4ae18"	"NA"	"NA"	"NA"	"NA"	"NA"	"NA"
"3c85c"	"3c85c"	"NA"	"NA"	"NA"	"NA"	"NA"	"NA"
"cef0f"	"cef0f"	"NA"	"NA"	"NA"	"NA"	"NA"	"NA"
"b366c"	"b366c"	"NA"	"NA"	"NA"	"NA"	"NA"	"NA"
"dd87f"	"dd87f"	"NA"	"NA"	"NA"	"NA"	"NA"	"NA"
"364e6"	"364e6"	"NA"	"NA"	"NA"	"NA"	"NA"	"NA"
"dd358"	"dd358"	"NA"	"NA"	"NA"	"NA"	"NA"	"NA"
"cf676"	"cf676"	"NA"	"NA"	"NA"	"NA"	"NA"	"NA"
"810e1"	"810e1"	"NA"	"NA"	"NA"	"NA"	"NA"	"NA"
"790f9"	"790f9"	"NA"	"NA"	"NA"	"NA"	"NA"	"NA"
"dbdae"	"dbdae"	"NA"	"NA"	"NA"	"NA"	"NA"	"NA"
"59290"	"59290"	"NA"	"NA"	"NA"	"NA"	"NA"	"NA"
"6c100"	"6c100"	"NA"	"NA"	"NA"	"NA"	"NA"	"NA"
"bcfe5"	"bcfe5"	"NA"	"NA"	"NA"	"NA"	"NA"	"NA"
"25de8"	"25de8"	"NA"	"NA"	"NA"	"NA"	"NA"	"NA"
"56898"	"56898"	"NA"	"NA"	"NA"	"NA"	"NA"	"NA"
"4d373"	"4d373"	"NA"	"NA"	"NA"	"NA"	"NA"	"NA"
"fb1af"	"fb1af"	"NA"	"NA"	"NA"	"NA"	"NA"	"NA"
"45e96"	"45e96"	"NA"	"NA"	"NA"	"NA"	"NA"	"NA"
"b262c"	"b262c"	"NA"	"NA"	"NA"	"NA"	"NA"	"NA"
"eb791"	"eb791"	"NA"	"NA"	"NA"	"NA"	"NA"	"NA"
"0227e"	"0227e"	"NA"	"NA"	"NA"	"NA"	"NA"	"NA"
"a0646"	"a0646"	"NA"	"NA"	"NA"	"NA"	"NA"	"NA"
"5fbd9"	"5fbd9"	"NA"	"NA"	"NA"	"NA"	"NA"	"NA"
"04101"	"04101"	"NA"	"NA"	"NA"	"NA"	"NA"	"NA"
"9fa4c"	"9fa4c"	"NA"	"NA"	"NA"	"NA"	"NA"	"NA"
"40086"	"40086"	"NA"	"NA"	"NA"	"NA"	"NA"	"NA"
"d1ac7"	"d1ac7"	"NA"	"NA"	"NA"	"NA"	"NA"	"NA"
"14c8b"	"14c8b"	"NA"	"NA"	"NA"	"NA"	"NA"	"NA"
"660fc"	"660fc"	"NA"	"NA"	"NA"	"NA"	"NA"	"NA"
"c8b0c"	"c8b0c"	"NA"	"NA"	"NA"	"NA"	"NA"	"NA"
"41aca"	"41aca"	"NA"	"NA"	"NA"	"NA"	"NA"	"NA"
"34b4e"	"34b4e"	"NA"	"NA"	"NA"	"NA"	"NA"	"NA"
"cb56d"	"cb56d"	"NA"	"NA"	"NA"	"NA"	"NA"	"NA"
"5c9b9"	"5c9b9"	"NA"	"NA"	"NA"	"NA"	"NA"	"NA"
"87d0d"	"87d0d"	"NA"	"NA"	"NA"	"NA"	"NA"	"NA"
"53521"	"53521"	"NA"	"NA"	"NA"	"NA"	"NA"	"NA"
"4ae15"	"4ae15"	"NA"	"NA"	"NA"	"NA"	"NA"	"NA"
"dde8d"	"dde8d"	"NA"	"NA"	"NA"	"NA"	"NA"	"NA"
"c98bd"	"c98bd"	"NA"	"NA"	"NA"	"NA"	"NA"	"NA"
"7ac9b"	"7ac9b"	"NA"	"NA"	"NA"	"NA"	"NA"	"NA"
"f272b"	"f272b"	"NA"	"NA"	"NA"	"NA"	"NA"	"NA"
"4fb26"	"4fb26"	"NA"	"NA"	"NA"	"NA"	"NA"	"NA"
"8dfd0"	"8dfd0"	"NA"	"NA"	"NA"	"NA"	"NA"	"NA"
"ea057"	"ea057"	"NA"	"NA"	"NA"	"NA"	"NA"	"NA"
"9a56c"	"9a56c"	"NA"	"NA"	"NA"	"NA"	"NA"	"NA"
"22afc"	"22afc"	"NA"	"NA"	"NA"	"NA"	"NA"	"NA"
"dce51"	"dce51"	"NA"	"NA"	"NA"	"NA"	"NA"	"NA"
"f75a5"	"f75a5"	"NA"	"NA"	"NA"	"NA"	"NA"	"NA"
"1125f"	"1125f"	"NA"	"NA"	"NA"	"NA"	"NA"	"NA"
"d6b56"	"d6b56"	"NA"	"NA"	"NA"	"NA"	"NA"	"NA"
"14c1f"	"14c1f"	"NA"	"NA"	"NA"	"NA"	"NA"	"NA"
"ae49b"	"ae49b"	"NA"	"NA"	"NA"	"NA"	"NA"	"NA"
"bc7d7"	"bc7d7"	"NA"	"NA"	"NA"	"NA"	"NA"	"NA"
"0b32a"	"0b32a"	"NA"	"NA"	"NA"	"NA"	"NA"	"NA"
"49ae4"	"49ae4"	"NA"	"NA"	"NA"	"NA"	"NA"	"NA"
"076bc"	"076bc"	"NA"	"NA"	"NA"	"NA"	"NA"	"NA"
"76a40"	"76a40"	"NA"	"NA"	"NA"	"NA"	"NA"	"NA"
"6856e"	"6856e"	"NA"	"NA"	"NA"	"NA"	"NA"	"NA"
"cb29e"	"cb29e"	"NA"	"NA"	"NA"	"NA"	"NA"	"NA"
"097ce"	"097ce"	"NA"	"NA"	"NA"	"NA"	"NA"	"NA"
"06761"	"06761"	"NA"	"NA"	"NA"	"NA"	"NA"	"NA"
"f01d3"	"f01d3"	"NA"	"NA"	"NA"	"NA"	"NA"	"NA"
"7a3e1"	"7a3e1"	"NA"	"NA"	"NA"	"NA"	"NA"	"NA"
"aba8b"	"aba8b"	"NA"	"NA"	"NA"	"NA"	"NA"	"NA"
"61a45"	"61a45"	"NA"	"NA"	"NA"	"NA"	"NA"	"NA"
"94bb9"	"94bb9"	"NA"	"NA"	"NA"	"NA"	"NA"	"NA"
"265f3"	"265f3"	"NA"	"NA"	"NA"	"NA"	"NA"	"NA"
"ece85"	"ece85"	"NA"	"NA"	"NA"	"NA"	"NA"	"NA"
"85a4b"	"85a4b"	"NA"	"NA"	"NA"	"NA"	"NA"	"NA"
"a1b53"	"a1b53"	"NA"	"NA"	"NA"	"NA"	"NA"	"NA"
"451de"	"451de"	"NA"	"NA"	"NA"	"NA"	"NA"	"NA"
"0f550"	"0f550"	"NA"	"NA"	"NA"	"NA"	"NA"	"NA"
"d81bb"	"d81bb"	"NA"	"NA"	"NA"	"NA"	"NA"	"NA"
"944b9"	"944b9"	"NA"	"NA"	"NA"	"NA"	"NA"	"NA"
"74268"	"74268"	"NA"	"NA"	"NA"	"NA"	"NA"	"NA"
"9a565"	"9a565"	"NA"	"NA"	"NA"	"NA"	"NA"	"NA"
"e137b"	"e137b"	"NA"	"NA"	"NA"	"NA"	"NA"	"NA"
"1f707"	"1f707"	"NA"	"NA"	"NA"	"NA"	"NA"	"NA"
"6ecf5"	"6ecf5"	"NA"	"NA"	"NA"	"NA"	"NA"	"NA"
"eba37"	"eba37"	"NA"	"NA"	"NA"	"NA"	"NA"	"NA"
"afff0"	"afff0"	"NA"	"NA"	"NA"	"NA"	"NA"	"NA"
"1af64"	"1af64"	"NA"	"NA"	"NA"	"NA"	"NA"	"NA"
"72cc9"	"72cc9"	"NA"	"NA"	"NA"	"NA"	"NA"	"NA"
"7e097"	"7e097"	"NA"	"NA"	"NA"	"NA"	"NA"	"NA"
"2e8d3"	"2e8d3"	"NA"	"NA"	"NA"	"NA"	"NA"	"NA"
"d64ea"	"d64ea"	"NA"	"NA"	"NA"	"NA"	"NA"	"NA"
"6c5ff"	"6c5ff"	"NA"	"NA"	"NA"	"NA"	"NA"	"NA"
"3da28"	"3da28"	"NA"	"NA"	"NA"	"NA"	"NA"	"NA"
"12b89"	"12b89"	"NA"	"NA"	"NA"	"NA"	"NA"	"NA"
"62339"	"62339"	"NA"	"NA"	"NA"	"NA"	"NA"	"NA"
"ff207"	"ff207"	"NA"	"NA"	"NA"	"NA"	"NA"	"NA"
"01ca4"	"01ca4"	"NA"	"NA"	"NA"	"NA"	"NA"	"NA"
"5cc46"	"5cc46"	"NA"	"NA"	"NA"	"NA"	"NA"	"NA"
"4b6fa"	"4b6fa"	"NA"	"NA"	"NA"	"NA"	"NA"	"NA"
"d9ffd"	"d9ffd"	"NA"	"NA"	"NA"	"NA"	"NA"	"NA"
"1fada"	"1fada"	"NA"	"NA"	"NA"	"NA"	"NA"	"NA"
"0fd5b"	"0fd5b"	"NA"	"NA"	"NA"	"NA"	"NA"	"NA"
"405da"	"405da"	"NA"	"NA"	"NA"	"NA"	"NA"	"NA"
"cb0ec"	"cb0ec"	"NA"	"NA"	"NA"	"NA"	"NA"	"NA"
"3daec"	"3daec"	"NA"	"NA"	"NA"	"NA"	"NA"	"NA"
"7fb32"	"7fb32"	"NA"	"NA"	"NA"	"NA"	"NA"	"NA"
"25f8b"	"25f8b"	"NA"	"NA"	"NA"	"NA"	"NA"	"NA"
"9cf7c"	"9cf7c"	"NA"	"NA"	"NA"	"NA"	"NA"	"NA"
"d8041"	"d8041"	"NA"	"NA"	"NA"	"NA"	"NA"	"NA"
"cb6be"	"cb6be"	"NA"	"NA"	"NA"	"NA"	"NA"	"NA"
"233fe"	"233fe"	"NA"	"NA"	"NA"	"NA"	"NA"	"NA"
"6a884"	"6a884"	"NA"	"NA"	"NA"	"NA"	"NA"	"NA"
"a8a22"	"a8a22"	"NA"	"NA"	"NA"	"NA"	"NA"	"NA"
"79084"	"79084"	"NA"	"NA"	"NA"	"NA"	"NA"	"NA"
"f8973"	"f8973"	"NA"	"NA"	"NA"	"NA"	"NA"	"NA"
"a7f78"	"a7f78"	"NA"	"NA"	"NA"	"NA"	"NA"	"NA"
"3c79f"	"3c79f"	"NA"	"NA"	"NA"	"NA"	"NA"	"NA"
"2f099"	"2f099"	"NA"	"NA"	"NA"	"NA"	"NA"	"NA"
"bad85"	"bad85"	"NA"	"NA"	"NA"	"NA"	"NA"	"NA"
"2979b"	"2979b"	"NA"	"NA"	"NA"	"NA"	"NA"	"NA"
"a92f9"	"a92f9"	"NA"	"NA"	"NA"	"NA"	"NA"	"NA"
"9cc2d"	"9cc2d"	"NA"	"NA"	"NA"	"NA"	"NA"	"NA"
"facd4"	"facd4"	"NA"	"NA"	"NA"	"NA"	"NA"	"NA"
"5d270"	"5d270"	"NA"	"NA"	"NA"	"NA"	"NA"	"NA"
"02987"	"02987"	"NA"	"NA"	"NA"	"NA"	"NA"	"NA"
"d77da"	"d77da"	"NA"	"NA"	"NA"	"NA"	"NA"	"NA"
"a7d93"	"a7d93"	"NA"	"NA"	"NA"	"NA"	"NA"	"NA"
"ca4bc"	"ca4bc"	"NA"	"NA"	"NA"	"NA"	"NA"	"NA"
"ddcdc"	"ddcdc"	"NA"	"NA"	"NA"	"NA"	"NA"	"NA"
"55449"	"55449"	"NA"	"NA"	"NA"	"NA"	"NA"	"NA"
"51189"	"51189"	"NA"	"NA"	"NA"	"NA"	"NA"	"NA"
"16530"	"16530"	"NA"	"NA"	"NA"	"NA"	"NA"	"NA"
"dc95e"	"dc95e"	"NA"	"NA"	"NA"	"NA"	"NA"	"NA"
"58d68"	"58d68"	"NA"	"NA"	"NA"	"NA"	"NA"	"NA"
"b8e9e"	"b8e9e"	"NA"	"NA"	"NA"	"NA"	"NA"	"NA"
"068a8"	"068a8"	"NA"	"NA"	"NA"	"NA"	"NA"	"NA"
"4c3e2"	"4c3e2"	"NA"	"NA"	"NA"	"NA"	"NA"	"NA"
"ff1d0"	"ff1d0"	"NA"	"NA"	"NA"	"NA"	"NA"	"NA"
"5a1b0"	"5a1b0"	"NA"	"NA"	"NA"	"NA"	"NA"	"NA"
"c7db5"	"c7db5"	"NA"	"NA"	"NA"	"NA"	"NA"	"NA"
"af010"	"af010"	"NA"	"NA"	"NA"	"NA"	"NA"	"NA"
"dfc18"	"dfc18"	"NA"	"NA"	"NA"	"NA"	"NA"	"NA"
"015d8"	"015d8"	"NA"	"NA"	"NA"	"NA"	"NA"	"NA"
"d5e68"	"d5e68"	"NA"	"NA"	"NA"	"NA"	"NA"	"NA"
"c2599"	"c2599"	"NA"	"NA"	"NA"	"NA"	"NA"	"NA"
"deb9b"	"deb9b"	"NA"	"NA"	"NA"	"NA"	"NA"	"NA"
"daf32"	"daf32"	"NA"	"NA"	"NA"	"NA"	"NA"	"NA"
"30a35"	"30a35"	"NA"	"NA"	"NA"	"NA"	"NA"	"NA"
"55664"	"55664"	"NA"	"NA"	"NA"	"NA"	"NA"	"NA"
"653b4"	"653b4"	"NA"	"NA"	"NA"	"NA"	"NA"	"NA"
"63feb"	"63feb"	"NA"	"NA"	"NA"	"NA"	"NA"	"NA"
"9d7c0"	"9d7c0"	"NA"	"NA"	"NA"	"NA"	"NA"	"NA"
"2e560"	"2e560"	"NA"	"NA"	"NA"	"NA"	"NA"	"NA"
"10ec7"	"10ec7"	"NA"	"NA"	"NA"	"NA"	"NA"	"NA"
"16755"	"16755"	"NA"	"NA"	"NA"	"NA"	"NA"	"NA"
"6c3d5"	"6c3d5"	"NA"	"NA"	"NA"	"NA"	"NA"	"NA"
"375e1"	"375e1"	"NA"	"NA"	"NA"	"NA"	"NA"	"NA"
"46f5e"	"46f5e"	"NA"	"NA"	"NA"	"NA"	"NA"	"NA"
"d5fd7"	"d5fd7"	"NA"	"NA"	"NA"	"NA"	"NA"	"NA"
"cae57"	"cae57"	"NA"	"NA"	"NA"	"NA"	"NA"	"NA"
"e7b66"	"e7b66"	"NA"	"NA"	"NA"	"NA"	"NA"	"NA"
"a609b"	"a609b"	"NA"	"NA"	"NA"	"NA"	"NA"	"NA"
"a90f2"	"a90f2"	"NA"	"NA"	"NA"	"NA"	"NA"	"NA"
"8933a"	"8933a"	"NA"	"NA"	"NA"	"NA"	"NA"	"NA"
"6554a"	"6554a"	"NA"	"NA"	"NA"	"NA"	"NA"	"NA"
"9c302"	"9c302"	"NA"	"NA"	"NA"	"NA"	"NA"	"NA"
"8ff4c"	"8ff4c"	"NA"	"NA"	"NA"	"NA"	"NA"	"NA"
"21ac3"	"21ac3"	"NA"	"NA"	"NA"	"NA"	"NA"	"NA"
"a29d8"	"a29d8"	"NA"	"NA"	"NA"	"NA"	"NA"	"NA"
"9c0ee"	"9c0ee"	"NA"	"NA"	"NA"	"NA"	"NA"	"NA"
"e3e40"	"e3e40"	"NA"	"NA"	"NA"	"NA"	"NA"	"NA"
"abe8b"	"abe8b"	"NA"	"NA"	"NA"	"NA"	"NA"	"NA"
"3685d"	"3685d"	"NA"	"NA"	"NA"	"NA"	"NA"	"NA"
"f07d7"	"f07d7"	"NA"	"NA"	"NA"	"NA"	"NA"	"NA"
"48ef8"	"48ef8"	"NA"	"NA"	"NA"	"NA"	"NA"	"NA"
"5d1ce"	"5d1ce"	"NA"	"NA"	"NA"	"NA"	"NA"	"NA"
"2981a"	"2981a"	"NA"	"NA"	"NA"	"NA"	"NA"	"NA"
"224a0"	"224a0"	"NA"	"NA"	"NA"	"NA"	"NA"	"NA"
"60084"	"60084"	"NA"	"NA"	"NA"	"NA"	"NA"	"NA"
"ef3e7"	"ef3e7"	"NA"	"NA"	"NA"	"NA"	"NA"	"NA"
"b6a5f"	"b6a5f"	"NA"	"NA"	"NA"	"NA"	"NA"	"NA"
"aaf1d"	"aaf1d"	"NA"	"NA"	"NA"	"NA"	"NA"	"NA"
"ab1ee"	"ab1ee"	"NA"	"NA"	"NA"	"NA"	"NA"	"NA"
"907b0"	"907b0"	"NA"	"NA"	"NA"	"NA"	"NA"	"NA"
"c41bf"	"c41bf"	"NA"	"NA"	"NA"	"NA"	"NA"	"NA"
"fb0f8"	"fb0f8"	"NA"	"NA"	"NA"	"NA"	"NA"	"NA"
"b43ca"	"b43ca"	"NA"	"NA"	"NA"	"NA"	"NA"	"NA"
"4db10"	"4db10"	"NA"	"NA"	"NA"	"NA"	"NA"	"NA"
"422bd"	"422bd"	"NA"	"NA"	"NA"	"NA"	"NA"	"NA"
"e388f"	"e388f"	"NA"	"NA"	"NA"	"NA"	"NA"	"NA"
"a3502"	"a3502"	"NA"	"NA"	"NA"	"NA"	"NA"	"NA"
"4b046"	"4b046"	"NA"	"NA"	"NA"	"NA"	"NA"	"NA"
"676c3"	"676c3"	"NA"	"NA"	"NA"	"NA"	"NA"	"NA"
"22b42"	"22b42"	"NA"	"NA"	"NA"	"NA"	"NA"	"NA"
"caa25"	"caa25"	"NA"	"NA"	"NA"	"NA"	"NA"	"NA"
"1ac2a"	"1ac2a"	"NA"	"NA"	"NA"	"NA"	"NA"	"NA"
"849c0"	"849c0"	"NA"	"NA"	"NA"	"NA"	"NA"	"NA"
"ed637"	"ed637"	"NA"	"NA"	"NA"	"NA"	"NA"	"NA"
"5bac1"	"5bac1"	"NA"	"NA"	"NA"	"NA"	"NA"	"NA"
"c52f7"	"c52f7"	"NA"	"NA"	"NA"	"NA"	"NA"	"NA"
"8b6fa"	"8b6fa"	"NA"	"NA"	"NA"	"NA"	"NA"	"NA"
"0c3ef"	"0c3ef"	"NA"	"NA"	"NA"	"NA"	"NA"	"NA"
"8d6e5"	"8d6e5"	"NA"	"NA"	"NA"	"NA"	"NA"	"NA"
"6f419"	"6f419"	"NA"	"NA"	"NA"	"NA"	"NA"	"NA"
"3061b"	"3061b"	"NA"	"NA"	"NA"	"NA"	"NA"	"NA"
"c80c7"	"c80c7"	"NA"	"NA"	"NA"	"NA"	"NA"	"NA"
"63e0a"	"63e0a"	"NA"	"NA"	"NA"	"NA"	"NA"	"NA"
"1fbe0"	"1fbe0"	"NA"	"NA"	"NA"	"NA"	"NA"	"NA"
"b01ff"	"b01ff"	"NA"	"NA"	"NA"	"NA"	"NA"	"NA"
"1b113"	"1b113"	"NA"	"NA"	"NA"	"NA"	"NA"	"NA"
"60307"	"60307"	"NA"	"NA"	"NA"	"NA"	"NA"	"NA"
"8a366"	"8a366"	"NA"	"NA"	"NA"	"NA"	"NA"	"NA"
"c0e80"	"c0e80"	"NA"	"NA"	"NA"	"NA"	"NA"	"NA"
"940dd"	"940dd"	"NA"	"NA"	"NA"	"NA"	"NA"	"NA"
"08fec"	"08fec"	"NA"	"NA"	"NA"	"NA"	"NA"	"NA"
"05800"	"05800"	"NA"	"NA"	"NA"	"NA"	"NA"	"NA"
"0ba05"	"0ba05"	"NA"	"NA"	"NA"	"NA"	"NA"	"NA"
"5b3f6"	"5b3f6"	"NA"	"NA"	"NA"	"NA"	"NA"	"NA"
"0f5cf"	"0f5cf"	"NA"	"NA"	"NA"	"NA"	"NA"	"NA"
"adf59"	"adf59"	"NA"	"NA"	"NA"	"NA"	"NA"	"NA"
"e42d9"	"e42d9"	"NA"	"NA"	"NA"	"NA"	"NA"	"NA"
"ddc7a"	"ddc7a"	"NA"	"NA"	"NA"	"NA"	"NA"	"NA"
"19f60"	"19f60"	"NA"	"NA"	"NA"	"NA"	"NA"	"NA"
"03b2c"	"03b2c"	"NA"	"NA"	"NA"	"NA"	"NA"	"NA"
"5b6ba"	"5b6ba"	"NA"	"NA"	"NA"	"NA"	"NA"	"NA"
"eabaa"	"eabaa"	"NA"	"NA"	"NA"	"NA"	"NA"	"NA"
"8f396"	"8f396"	"NA"	"NA"	"NA"	"NA"	"NA"	"NA"
"be55c"	"be55c"	"NA"	"NA"	"NA"	"NA"	"NA"	"NA"
